Country,Region,Date,Gender,Population_Density,Health_Expenditure_Govt,Health_Expenditure_Pvt,Health_Expenditure_Indv,Life_Expectancy,Education_Expenditure,Mean_years_in_school,Average_Income,Employment_Rate,Income_Inequality,Child_Mortality_Rate,Adult_Mortality_Rate,Suicides,Murders
Afghanistan,ASIA (EX. NEAR EAST)         ,2005,Male,38.4,5.62,94.4,79.0,57.4,2.6,4.23,604.0,80.5,30.5,470.0,519.0,1600.0,4750.0
Albania,EASTERN EUROPE                     ,2005,Male,112.0,36.1,63.9,52.5,72.7,3.0,9.75,668.0,57.1,38.9,375.0,151.0,204.0,94.4
Algeria,NORTHERN AFRICA                    ,2005,Male,14.0,73.3,26.7,28.1,71.5,4.47,7.99,729.0,62.0,56.2,460.0,318.0,1210.0,451.0
Andorra,WESTERN EUROPE                     ,2005,Male,168.0,64.8,35.2,50.5,0.0,1.54,13.8,1230.0,0.0,40.0,12.9,0.0,7.04,0.5
Angola,SUB-SAHARAN AFRICA                 ,2005,Male,15.7,79.2,20.8,42.3,50.3,2.62,5.0,657.0,64.8,57.2,486.0,495.0,980.0,845.0
Antigua and Barbuda,LATIN AMER. & CARIB    ,2005,Male,203.0,69.0,31.0,29.9,72.1,2.96,12.2,758.0,0.0,40.0,419.0,234.0,1.89,4.5
Argentina,LATIN AMER. & CARIB    ,2005,Male,14.3,53.9,46.1,33.0,71.0,3.49,10.5,1510.0,68.0,47.7,402.0,236.0,4470.0,2200.0
Armenia,C.W. OF IND. STATES ,2005,Male,105.0,18.1,81.9,72.4,69.3,2.59,10.3,515.0,56.8,31.5,364.0,176.0,181.0,131.0
Australia,OCEANIA                            ,2005,Male,2.63,66.8,33.2,19.6,78.6,4.9,13.5,841.0,68.7,38.7,391.0,189.0,2430.0,292.0
Austria,WESTERN EUROPE                     ,2005,Male,100.0,76.8,23.2,19.2,76.6,5.09,10.7,1950.0,62.5,33.4,306.0,202.0,1520.0,78.7
Azerbaijan,C.W. OF IND. STATES ,2005,Male,103.0,18.5,81.5,87.5,65.7,3.34,11.0,777.0,61.2,70.5,372.0,221.0,362.0,386.0
Bahamas,LATIN AMER. & CARIB    ,2005,Male,32.9,47.6,52.4,29.9,70.7,3.84,11.4,1450.0,73.9,40.0,414.0,272.0,9.44,62.8
Bahrain,NEAR EAST                          ,2005,Male,1170.0,67.5,32.5,28.2,74.6,3.0,9.11,1310.0,85.7,40.0,440.0,192.0,75.5,19.0
Bangladesh,ASIA (EX. NEAR EAST)         ,2005,Male,1100.0,39.0,61.0,64.9,67.3,1.54,5.9,875.0,83.2,28.0,508.0,236.0,12100.0,4320.0
Barbados,LATIN AMER. & CARIB    ,2005,Male,637.0,65.8,34.2,35.1,71.7,5.55,9.77,915.0,69.5,40.0,495.0,232.0,14.2,29.4
Belarus,C.W. OF IND. STATES ,2005,Male,47.4,75.5,24.5,21.8,62.7,5.58,11.1,612.0,66.7,55.6,366.0,249.0,4030.0,1120.0
Belgium,WESTERN EUROPE                     ,2005,Male,348.0,74.6,25.4,17.5,76.1,5.6,12.0,2420.0,56.6,41.7,321.0,184.0,2250.0,177.0
Belize,LATIN AMER. & CARIB    ,2005,Male,12.4,52.8,47.2,34.0,66.3,5.33,8.48,580.0,75.8,60.3,420.0,181.0,17.8,54.8
Benin,SUB-SAHARAN AFRICA                 ,2005,Male,70.8,44.2,55.8,51.1,55.9,3.62,5.32,598.0,75.9,40.7,430.0,422.0,585.0,224.0
Bhutan,ASIA (EX. NEAR EAST)         ,2005,Male,17.2,79.3,20.7,16.8,64.7,4.3,6.25,631.0,73.4,40.9,458.0,490.0,41.9,9.86
Bolivia,LATIN AMER. & CARIB    ,2005,Male,8.42,60.1,39.9,30.5,61.4,5.59,9.47,855.0,79.0,39.2,405.0,387.0,585.0,583.0
Bosnia and Herzegovina,EASTERN EUROPE                     ,2005,Male,74.1,57.6,42.4,45.2,72.5,0.0,9.5,670.0,43.8,30.0,379.0,209.0,328.0,128.0
Botswana,SUB-SAHARAN AFRICA                 ,2005,Male,3.27,62.2,37.8,6.44,50.3,9.32,7.02,398.0,58.1,47.0,397.0,320.0,322.0,286.0
Brazil,LATIN AMER. & CARIB    ,2005,Male,22.4,40.3,59.7,35.0,68.3,4.39,6.92,1110.0,73.6,37.9,417.0,280.0,11800.0,54400.0
Brunei,ASIA (EX. NEAR EAST)         ,2005,Male,69.3,86.5,13.5,16.3,74.7,2.83,14.1,1520.0,74.0,40.0,455.0,199.0,14.5,4.56
Bulgaria,EASTERN EUROPE                     ,2005,Male,70.8,60.9,39.1,38.9,69.2,3.81,10.3,1090.0,50.6,38.9,362.0,178.0,1300.0,259.0
Burkina Faso,SUB-SAHARAN AFRICA                 ,2005,Male,49.1,39.6,60.4,30.7,52.4,4.27,2.94,481.0,83.6,38.1,455.0,444.0,772.0,117.0
Burundi,SUB-SAHARAN AFRICA                 ,2005,Male,289.0,28.6,71.4,35.2,51.1,3.6,4.47,423.0,78.4,35.1,424.0,423.0,684.0,77.2
Cambodia,ASIA (EX. NEAR EAST)         ,2005,Male,75.2,20.4,79.6,60.9,60.7,1.65,6.21,905.0,84.8,42.0,380.0,794.0,763.0,547.0
Cameroon,SUB-SAHARAN AFRICA                 ,2005,Male,36.9,20.8,79.2,76.6,52.0,2.89,7.45,627.0,78.0,41.9,460.0,388.0,1580.0,658.0
Canada,NORTHERN AMERICA                   ,2005,Male,3.55,70.4,29.6,15.4,77.8,4.66,13.3,1440.0,67.5,44.8,333.0,185.0,4260.0,525.0
Cape Verde,SUB-SAHARAN AFRICA                 ,2005,Male,118.0,73.5,26.5,24.6,69.9,5.64,6.84,530.0,67.7,52.5,395.0,310.0,65.9,62.0
Central African Republic,SUB-SAHARAN AFRICA                 ,2005,Male,6.63,41.4,58.6,42.6,43.2,1.61,5.6,425.0,74.3,57.6,444.0,422.0,368.0,257.0
Chad,SUB-SAHARAN AFRICA                 ,2005,Male,7.99,42.5,57.5,56.2,47.2,1.01,4.08,419.0,76.1,28.2,432.0,442.0,492.0,270.0
Chile,LATIN AMER. & CARIB    ,2005,Male,21.7,41.6,58.4,42.5,74.8,3.36,11.3,1030.0,67.9,48.4,417.0,274.0,1960.0,783.0
China,ASIA (EX. NEAR EAST)         ,2005,Male,141.0,38.3,61.7,57.7,72.5,1.79,9.84,985.0,76.1,37.1,417.0,201.0,180000.0,31400.0
Colombia,LATIN AMER. & CARIB    ,2005,Male,39.0,70.8,29.3,17.9,68.7,4.1,8.7,964.0,74.2,59.1,417.0,257.0,2820.0,19600.0
Comoros,SUB-SAHARAN AFRICA                 ,2005,Male,329.0,52.8,47.3,80.1,58.5,3.88,6.07,706.0,48.0,34.1,416.0,425.0,27.6,39.9
"Congo, Dem. Rep.",SUB-SAHARAN AFRICA                 ,2005,Male,24.2,4.08,95.9,68.2,52.2,1.28,6.48,513.0,71.2,40.4,423.0,424.0,3020.0,2090.0
"Congo, Rep.",SUB-SAHARAN AFRICA                 ,2005,Male,10.9,57.7,42.3,52.0,53.6,2.52,7.7,598.0,57.6,56.4,409.0,328.0,236.0,171.0
Costa Rica,LATIN AMER. & CARIB    ,2005,Male,83.2,76.8,23.2,32.8,75.8,4.23,8.61,777.0,76.4,42.1,441.0,177.0,307.0,292.0
Cote d'Ivoire,SUB-SAHARAN AFRICA                 ,2005,Male,57.7,26.3,73.7,60.4,46.9,4.06,5.45,859.0,74.7,40.3,428.0,401.0,1530.0,370.0
Croatia,EASTERN EUROPE                     ,2005,Male,78.2,86.1,13.9,13.4,71.9,3.73,9.13,1240.0,54.0,16.3,367.0,253.0,952.0,87.7
Cuba,LATIN AMER. & CARIB    ,2005,Male,106.0,90.1,9.9,14.8,76.0,9.19,11.3,1020.0,66.2,40.0,389.0,153.0,1670.0,626.0
Cyprus,NEAR EAST                          ,2005,Male,111.0,41.6,58.4,51.2,76.5,5.91,12.2,855.0,69.5,30.1,339.0,133.0,44.4,18.4
Czech Republic,EASTERN EUROPE                     ,2005,Male,133.0,90.3,9.68,11.1,73.0,3.67,11.4,1920.0,64.4,22.8,380.0,213.0,1730.0,182.0
Denmark,WESTERN EUROPE                     ,2005,Male,128.0,83.9,16.1,14.7,75.7,7.66,11.7,2070.0,68.2,37.2,363.0,160.0,832.0,66.2
Djibouti,SUB-SAHARAN AFRICA                 ,2005,Male,33.8,67.8,32.2,41.7,56.6,7.43,7.82,786.0,69.5,36.5,445.0,359.0,29.5,57.1
Dominica,LATIN AMER. & CARIB    ,2005,Male,94.2,69.0,31.0,40.5,0.0,5.0,11.0,664.0,0.0,40.0,139.0,154.0,2.59,5.15
Dominican Republic,LATIN AMER. & CARIB    ,2005,Male,191.0,34.5,65.5,53.9,68.6,1.82,8.34,668.0,77.5,39.9,445.0,242.0,525.0,1140.0
Ecuador,LATIN AMER. & CARIB    ,2005,Male,55.3,31.3,68.8,63.0,71.2,2.53,8.89,530.0,78.5,41.9,406.0,245.0,1120.0,2540.0
Egypt,NORTHERN AFRICA                    ,2005,Male,77.1,40.5,59.5,64.6,67.1,4.41,9.32,792.0,67.8,34.0,405.0,257.0,2400.0,457.0
El Salvador,LATIN AMER. & CARIB    ,2005,Male,291.0,45.2,54.8,43.0,65.7,2.76,7.94,976.0,72.0,41.2,462.0,357.0,561.0,3500.0
Equatorial Guinea,SUB-SAHARAN AFRICA                 ,2005,Male,27.0,46.3,53.7,69.2,53.1,1.0,6.99,362.0,58.2,40.0,447.0,468.0,37.1,25.0
Eritrea,SUB-SAHARAN AFRICA                 ,2005,Male,39.3,47.6,52.4,35.2,56.7,1.99,5.7,533.0,79.4,40.0,441.0,436.0,259.0,331.0
Estonia,BALTICS                            ,2005,Male,32.0,67.8,32.2,20.5,67.1,4.58,9.15,953.0,58.8,47.8,362.0,281.0,377.0,140.0
Ethiopia,SUB-SAHARAN AFRICA                 ,2005,Male,76.7,53.6,46.4,31.3,54.8,3.27,5.46,524.0,88.3,47.7,448.0,439.0,5390.0,7390.0
Fiji,OCEANIA                            ,2005,Male,45.0,84.1,15.9,12.1,65.8,5.78,10.6,787.0,71.0,35.3,499.0,274.0,98.5,44.0
Finland,WESTERN EUROPE                     ,2005,Male,17.3,71.3,28.7,19.0,75.5,5.62,11.2,1280.0,59.5,47.1,370.0,235.0,1170.0,123.0
France,WESTERN EUROPE                     ,2005,Male,112.0,79.4,20.6,7.37,76.6,4.92,11.3,1850.0,57.7,73.3,282.0,205.0,13000.0,705.0
Gabon,SUB-SAHARAN AFRICA                 ,2005,Male,5.45,42.0,58.0,52.1,59.3,3.06,8.48,391.0,49.9,46.3,436.0,367.0,110.0,67.8
Gambia,SUB-SAHARAN AFRICA                 ,2005,Male,143.0,33.8,66.2,20.8,56.8,1.8,5.69,820.0,64.1,39.6,460.0,457.0,48.7,19.4
Georgia,C.W. OF IND. STATES ,2005,Male,64.6,17.0,83.0,79.6,68.9,2.64,11.6,544.0,62.1,26.9,385.0,234.0,272.0,185.0
Germany,WESTERN EUROPE                     ,2005,Male,234.0,79.5,20.5,14.0,76.3,4.11,11.4,1810.0,59.1,50.8,340.0,158.0,12500.0,822.0
Ghana,SUB-SAHARAN AFRICA                 ,2005,Male,94.7,48.7,51.3,40.4,57.9,6.4,7.33,703.0,74.3,47.0,471.0,367.0,1100.0,899.0
Greece,WESTERN EUROPE                     ,2005,Male,87.7,60.0,40.0,39.4,76.9,3.1,11.6,1400.0,60.9,51.6,361.0,169.0,446.0,118.0
Grenada,LATIN AMER. & CARIB    ,2005,Male,303.0,52.0,48.0,47.4,69.1,3.75,9.77,961.0,0.0,40.0,423.0,260.0,7.13,6.64
Guatemala,LATIN AMER. & CARIB    ,2005,Male,122.0,39.7,60.3,62.8,66.5,2.65,6.61,859.0,85.6,37.4,503.0,329.0,1290.0,5220.0
Guinea,SUB-SAHARAN AFRICA                 ,2005,Male,39.4,18.7,81.3,57.1,52.7,1.83,4.59,451.0,63.6,34.4,448.0,476.0,468.0,260.0
Guinea-Bissau,SUB-SAHARAN AFRICA                 ,2005,Male,49.1,16.2,83.8,41.2,52.4,1.79,3.94,779.0,74.5,49.5,417.0,427.0,103.0,94.0
Guyana,LATIN AMER. & CARIB    ,2005,Male,3.81,82.4,17.6,24.8,63.0,7.77,9.19,1220.0,69.5,39.5,429.0,299.0,206.0,147.0
Haiti,LATIN AMER. & CARIB    ,2005,Male,336.0,27.7,72.3,46.0,57.3,1.46,6.48,635.0,61.0,47.5,486.0,388.0,777.0,680.0
Honduras,LATIN AMER. & CARIB    ,2005,Male,65.9,66.8,33.2,47.9,69.1,4.85,6.97,676.0,79.9,58.5,393.0,322.0,235.0,2040.0
Hungary,EASTERN EUROPE                     ,2005,Male,111.0,70.7,29.3,25.8,68.9,5.27,11.5,1250.0,54.3,36.2,368.0,214.0,2800.0,257.0
Iceland,WESTERN EUROPE                     ,2005,Male,2.94,81.5,18.5,17.2,79.2,7.01,10.1,928.0,78.6,25.8,412.0,187.0,36.4,2.51
India,ASIA (EX. NEAR EAST)         ,2005,Male,385.0,26.0,74.0,73.1,63.7,3.13,7.65,1050.0,79.7,32.1,509.0,330.0,218000.0,48800.0
Indonesia,ASIA (EX. NEAR EAST)         ,2005,Male,125.0,36.1,63.9,54.2,65.2,2.48,8.62,996.0,79.6,40.8,444.0,249.0,8140.0,4600.0
Iran,ASIA (EX. NEAR EAST)         ,2005,Male,43.2,41.6,58.4,56.1,70.4,4.51,10.5,979.0,66.4,59.2,506.0,319.0,5250.0,2100.0
Iraq,NEAR EAST                          ,2005,Male,62.2,1.14,98.9,30.2,65.9,4.6,7.22,971.0,64.6,41.9,428.0,258.0,2090.0,2280.0
Ireland,WESTERN EUROPE                     ,2005,Male,61.2,75.1,24.9,13.6,76.4,4.83,12.5,1450.0,69.5,38.6,348.0,178.0,498.0,37.1
Israel,NEAR EAST                          ,2005,Male,305.0,64.0,36.0,30.2,78.2,5.61,13.2,881.0,61.1,34.7,448.0,138.0,583.0,208.0
Italy,WESTERN EUROPE                     ,2005,Male,200.0,72.5,27.5,21.6,78.1,3.98,12.0,2440.0,57.2,56.1,455.0,174.0,4650.0,617.0
Jamaica,LATIN AMER. & CARIB    ,2005,Male,253.0,52.6,47.4,29.9,70.8,4.75,11.0,1170.0,70.4,41.3,390.0,171.0,65.5,598.0
Japan,ASIA (EX. NEAR EAST)         ,2005,Male,352.0,80.8,19.2,15.7,78.7,3.0,13.6,1070.0,70.2,46.8,363.0,146.0,32400.0,1020.0
Jordan,NEAR EAST                          ,2005,Male,64.4,48.0,52.0,40.1,71.2,4.02,11.1,978.0,58.8,36.9,421.0,245.0,166.0,214.0
Kazakhstan,C.W. OF IND. STATES ,2005,Male,5.76,50.9,49.1,34.5,59.6,2.34,11.1,1160.0,70.2,35.3,497.0,328.0,6280.0,3120.0
Kenya,SUB-SAHARAN AFRICA                 ,2005,Male,63.3,46.3,53.7,45.0,54.2,6.49,7.81,892.0,64.5,54.1,508.0,330.0,1630.0,2720.0
Kiribati,OCEANIA                            ,2005,Male,114.0,94.6,5.4,0.118,61.9,6.1,8.57,558.0,0.0,37.0,429.0,342.0,21.1,3.07
Kuwait,NEAR EAST                          ,2005,Male,128.0,76.0,24.0,18.2,72.8,4.02,10.4,1160.0,80.7,40.0,500.0,177.0,73.0,41.1
Lao,ASIA (EX. NEAR EAST)         ,2005,Male,24.9,35.1,64.9,43.7,60.4,1.05,6.11,866.0,78.6,32.6,419.0,425.0,604.0,38.5
Latvia,BALTICS                            ,2005,Male,36.2,54.4,45.6,41.7,65.5,4.39,10.5,763.0,59.0,45.0,405.0,304.0,703.0,250.0
Lebanon,NEAR EAST                          ,2005,Male,390.0,32.6,67.4,47.3,75.0,2.5,9.19,1090.0,65.2,47.5,448.0,211.0,109.0,139.0
Lesotho,SUB-SAHARAN AFRICA                 ,2005,Male,64.2,51.2,48.8,34.4,45.4,8.68,7.03,396.0,50.4,56.0,407.0,392.0,453.0,641.0
Liberia,SUB-SAHARAN AFRICA                 ,2005,Male,33.9,26.4,73.6,72.5,54.2,3.75,5.34,799.0,55.1,36.5,429.0,438.0,249.0,80.4
Libya,NORTHERN AFRICA                    ,2005,Male,3.29,57.2,42.8,35.3,69.4,2.14,8.23,1050.0,62.4,40.0,405.0,271.0,244.0,117.0
Lithuania,BALTICS                            ,2005,Male,53.4,69.7,30.3,32.8,65.8,4.6,10.4,1290.0,57.8,44.6,459.0,264.0,1560.0,358.0
Luxembourg,WESTERN EUROPE                     ,2005,Male,177.0,85.1,14.9,12.9,75.9,4.34,10.6,1460.0,62.4,33.8,357.0,230.0,62.5,6.18
Madagascar,SUB-SAHARAN AFRICA                 ,2005,Male,31.5,66.5,33.5,35.4,59.9,2.67,4.79,574.0,87.2,38.8,437.0,395.0,997.0,409.0
Malawi,SUB-SAHARAN AFRICA                 ,2005,Male,138.0,45.8,54.2,9.1,48.2,3.68,5.73,351.0,75.7,44.8,440.0,400.0,779.0,388.0
Malaysia,ASIA (EX. NEAR EAST)         ,2005,Male,78.1,59.0,41.0,38.3,71.4,4.7,10.8,999.0,74.9,20.0,436.0,234.0,1810.0,634.0
Maldives,ASIA (EX. NEAR EAST)         ,2005,Male,1060.0,58.5,41.5,55.7,73.1,4.32,7.28,844.0,72.9,41.3,448.0,339.0,10.5,3.11
Mali,SUB-SAHARAN AFRICA                 ,2005,Male,10.5,32.9,67.1,57.8,51.4,3.52,2.97,604.0,63.9,49.2,494.0,489.0,387.0,301.0
Malta,WESTERN EUROPE                     ,2005,Male,1270.0,72.5,27.5,28.8,77.2,5.12,9.31,783.0,63.3,28.0,447.0,141.0,22.6,5.51
Marshall Islands,OCEANIA                            ,2005,Male,289.0,88.0,12.0,7.85,0.0,6.51,7.97,544.0,0.0,40.0,134.0,302.0,9.72,3.63
Mauritania,SUB-SAHARAN AFRICA                 ,2005,Male,3.04,66.5,33.5,68.8,59.1,2.34,5.22,529.0,64.8,40.3,417.0,342.0,93.9,64.5
Mauritius,SUB-SAHARAN AFRICA                 ,2005,Male,602.0,52.0,48.0,49.6,69.2,3.54,9.39,942.0,72.3,38.6,428.0,297.0,123.0,35.4
Mexico,LATIN AMER. & CARIB    ,2005,Male,55.8,46.6,53.4,54.6,72.9,4.85,9.43,1380.0,78.7,36.1,487.0,282.0,5190.0,13900.0
"Micronesia, Fed. Sts.",OCEANIA                            ,2005,Male,152.0,93.8,6.15,4.94,67.3,23.6,12.3,522.0,0.0,42.4,408.0,235.0,17.8,6.41
Moldova,C.W. OF IND. STATES ,2005,Male,127.0,48.5,51.5,42.8,63.9,5.71,10.8,622.0,46.5,43.4,386.0,310.0,871.0,387.0
Monaco,WESTERN EUROPE                     ,2005,Male,22700.0,87.1,12.9,5.82,0.0,1.17,0.0,1990.0,0.0,40.0,9.7,0.0,0.0,0.0
Mongolia,ASIA (EX. NEAR EAST)         ,2005,Male,1.63,81.9,18.1,32.4,61.5,4.16,8.43,593.0,62.7,32.0,420.0,267.0,598.0,316.0
Morocco,NORTHERN AFRICA                    ,2005,Male,68.4,29.4,70.6,59.3,69.9,6.98,6.01,716.0,68.1,55.4,403.0,306.0,1680.0,373.0
Mozambique,SUB-SAHARAN AFRICA                 ,2005,Male,26.6,72.4,27.6,9.41,49.6,4.26,3.83,394.0,67.0,52.1,440.0,468.0,1320.0,1400.0
Namibia,SUB-SAHARAN AFRICA                 ,2005,Male,2.47,68.9,31.1,4.0,51.8,7.24,7.41,541.0,51.6,51.4,412.0,363.0,243.0,388.0
Nauru,OCEANIA                            ,2005,Male,506.0,81.5,18.5,4.43,0.0,0.0,0.0,555.0,0.0,40.0,71.1,0.0,0.0,0.0
Nepal,ASIA (EX. NEAR EAST)         ,2005,Male,179.0,21.7,78.3,49.2,64.3,2.8,6.65,655.0,87.2,25.8,407.0,461.0,2970.0,615.0
Netherlands,WESTERN EUROPE                     ,2005,Male,485.0,63.1,36.9,10.6,77.1,4.54,12.2,2980.0,69.1,51.9,324.0,149.0,1890.0,194.0
New Zealand,OCEANIA                            ,2005,Male,15.7,78.0,22.0,14.1,77.6,6.62,13.1,660.0,72.1,38.2,391.0,185.0,522.0,62.8
Nicaragua,LATIN AMER. & CARIB    ,2005,Male,44.7,53.5,46.5,44.2,68.9,2.95,6.76,975.0,77.9,39.4,509.0,304.0,420.0,608.0
Niger,SUB-SAHARAN AFRICA                 ,2005,Male,10.8,43.8,56.2,51.7,52.5,2.66,2.84,447.0,87.8,34.9,433.0,473.0,477.0,315.0
Nigeria,SUB-SAHARAN AFRICA                 ,2005,Male,153.0,33.5,66.5,77.7,47.5,0.85,7.95,873.0,59.1,53.5,438.0,443.0,5300.0,1010.0
North Korea,ASIA (EX. NEAR EAST)         ,2005,Male,199.0,0.0,0.0,0.0,64.7,0.0,12.0,570.0,83.2,37.0,500.0,272.0,2960.0,735.0
Norway,WESTERN EUROPE                     ,2005,Male,12.7,82.5,17.4,16.7,77.5,6.26,12.9,1310.0,67.1,35.1,336.0,150.0,575.0,42.9
Oman,NEAR EAST                          ,2005,Male,8.11,81.8,18.3,10.5,72.3,3.26,8.88,917.0,74.9,40.0,414.0,317.0,60.2,12.1
Pakistan,ASIA (EX. NEAR EAST)         ,2005,Male,200.0,21.3,78.8,71.0,63.0,1.71,6.48,1020.0,78.6,24.5,502.0,260.0,6720.0,7930.0
Palau,OCEANIA                            ,2005,Male,43.3,66.3,33.7,15.4,0.0,0.0,0.0,841.0,0.0,40.0,41.6,0.0,0.0,0.0
Panama,LATIN AMER. & CARIB    ,2005,Male,44.8,68.1,31.9,32.2,73.3,3.13,9.83,849.0,74.5,40.1,406.0,193.0,207.0,401.0
Papua New Guinea,OCEANIA                            ,2005,Male,13.9,81.7,18.3,8.2,61.1,6.9,7.03,547.0,71.5,28.4,424.0,452.0,849.0,470.0
Paraguay,LATIN AMER. & CARIB    ,2005,Male,14.6,39.9,60.1,50.6,69.2,3.77,7.86,837.0,82.0,40.8,374.0,205.0,300.0,840.0
Peru,LATIN AMER. & CARIB    ,2005,Male,21.6,58.7,41.3,34.5,69.8,2.88,10.2,1210.0,80.5,53.0,372.0,265.0,936.0,973.0
Philippines,ASIA (EX. NEAR EAST)         ,2005,Male,289.0,47.6,52.4,52.1,64.6,1.8,9.25,964.0,73.9,28.5,432.0,294.0,4040.0,13800.0
Poland,EASTERN EUROPE                     ,2005,Male,125.0,70.0,30.0,27.7,70.9,5.28,11.7,1280.0,52.6,29.5,369.0,216.0,7510.0,981.0
Portugal,WESTERN EUROPE                     ,2005,Male,115.0,66.0,34.0,23.3,75.1,5.04,8.93,1690.0,64.6,58.1,373.0,222.0,1350.0,182.0
Qatar,NEAR EAST                          ,2005,Male,74.5,68.8,31.2,18.6,75.7,1.98,7.56,1160.0,93.3,40.0,433.0,128.0,53.9,9.57
Romania,EASTERN EUROPE                     ,2005,Male,93.1,67.7,32.3,18.5,68.7,3.38,11.2,817.0,56.4,40.5,372.0,194.0,2750.0,649.0
Russia,C.W. OF IND. STATES ,2005,Male,8.77,59.9,40.1,31.9,59.5,3.55,11.7,1450.0,63.3,52.8,419.0,330.0,71300.0,41500.0
Rwanda,SUB-SAHARAN AFRICA                 ,2005,Male,364.0,39.2,60.8,22.5,54.2,3.87,4.78,439.0,85.6,42.5,420.0,425.0,625.0,398.0
Samoa,OCEANIA                            ,2005,Male,63.6,76.8,23.3,13.0,68.1,3.98,11.6,1400.0,40.0,42.1,425.0,411.0,21.4,7.73
San Marino,WESTERN EUROPE                     ,2005,Male,487.0,86.0,14.0,21.6,0.0,3.55,0.0,1440.0,0.0,40.0,15.3,0.0,0.0,0.0
Sao Tome and Principe,SUB-SAHARAN AFRICA                 ,2005,Male,162.0,38.1,61.9,29.7,62.8,5.27,6.17,873.0,65.1,32.1,421.0,285.0,2.74,7.81
Saudi Arabia,NEAR EAST                          ,2005,Male,11.1,71.7,28.4,16.5,71.7,7.19,10.5,854.0,70.5,40.0,416.0,282.0,680.0,95.9
Senegal,SUB-SAHARAN AFRICA                 ,2005,Male,58.4,36.8,63.2,39.8,59.0,4.36,4.25,498.0,64.7,53.8,512.0,417.0,727.0,150.0
Serbia,EASTERN EUROPE                     ,2005,Male,105.0,70.0,30.0,29.8,69.9,4.39,9.8,1360.0,53.5,33.7,374.0,196.0,1940.0,316.0
Seychelles,SUB-SAHARAN AFRICA                 ,2005,Male,193.0,82.7,17.3,7.05,68.0,4.56,9.56,837.0,0.0,41.3,391.0,256.0,8.62,7.77
Sierra Leone,SUB-SAHARAN AFRICA                 ,2005,Male,78.4,13.3,86.8,66.8,42.5,2.89,4.77,735.0,62.6,41.2,514.0,451.0,240.0,76.7
Singapore,ASIA (EX. NEAR EAST)         ,2005,Male,6420.0,51.4,48.6,50.0,77.7,2.59,11.8,1020.0,72.3,47.0,456.0,207.0,410.0,24.6
Slovenia,EASTERN EUROPE                     ,2005,Male,99.1,74.0,26.0,13.0,73.8,5.21,10.6,1410.0,62.0,21.9,361.0,257.0,562.0,33.9
Solomon Islands,OCEANIA                            ,2005,Male,16.8,94.6,5.43,3.43,64.8,5.43,7.96,364.0,80.0,46.1,505.0,315.0,74.0,27.4
Somalia,SUB-SAHARAN AFRICA                 ,2005,Male,16.6,44.8,55.2,0.0,50.8,0.991,3.2,703.0,71.6,50.9,452.0,450.0,390.0,601.0
South Africa,SUB-SAHARAN AFRICA                 ,2005,Male,40.2,40.5,59.5,12.4,50.1,4.98,9.38,1480.0,49.3,35.2,398.0,395.0,8930.0,24000.0
South Korea,ASIA (EX. NEAR EAST)         ,2005,Male,501.0,48.6,51.4,38.8,74.9,3.42,12.8,567.0,71.0,32.0,503.0,333.0,13300.0,1040.0
South Sudan,SUB-SAHARAN AFRICA                 ,2005,Male,13.3,0.0,0.0,0.0,50.1,1.15,2.37,508.0,68.6,45.0,490.0,507.0,261.0,422.0
Spain,WESTERN EUROPE                     ,2005,Male,88.3,71.6,28.4,22.0,77.3,3.82,11.2,1520.0,63.1,32.3,451.0,159.0,3810.0,440.0
Sri Lanka,ASIA (EX. NEAR EAST)         ,2005,Male,311.0,48.8,51.2,40.5,70.4,2.05,10.0,899.0,72.4,37.2,410.0,233.0,6010.0,1310.0
Suriname,LATIN AMER. & CARIB    ,2005,Male,3.2,48.8,51.2,18.1,65.5,3.44,8.0,1640.0,61.6,45.6,406.0,258.0,110.0,44.3
Swaziland,SUB-SAHARAN AFRICA                 ,2005,Male,64.3,56.3,43.7,0.0,44.5,0.0,7.84,491.0,53.4,60.5,414.0,0.0,169.0,212.0
Sweden,WESTERN EUROPE                     ,2005,Male,22.0,84.9,15.1,17.1,78.4,6.47,13.0,1410.0,62.7,39.5,275.0,147.0,1390.0,112.0
Switzerland,WESTERN EUROPE                     ,2005,Male,188.0,55.4,44.6,30.3,78.5,4.41,10.2,2710.0,72.1,38.6,345.0,154.0,1470.0,76.7
Syria,NEAR EAST                          ,2005,Male,99.6,40.5,59.5,49.5,72.3,2.6,8.48,1080.0,71.2,46.5,429.0,239.0,332.0,406.0
Tajikistan,C.W. OF IND. STATES ,2005,Male,49.0,20.4,79.6,66.1,64.9,3.2,10.7,559.0,61.9,36.4,369.0,184.0,307.0,209.0
Tanzania,SUB-SAHARAN AFRICA                 ,2005,Male,44.5,43.4,56.6,34.1,54.8,3.37,6.46,563.0,81.9,27.9,415.0,390.0,2110.0,3150.0
Thailand,ASIA (EX. NEAR EAST)         ,2005,Male,128.0,56.1,43.9,27.6,68.8,4.13,9.51,933.0,80.3,46.2,438.0,300.0,8500.0,6020.0
Togo,SUB-SAHARAN AFRICA                 ,2005,Male,104.0,31.1,68.9,66.7,53.8,3.39,6.39,684.0,78.9,43.6,427.0,364.0,449.0,180.0
Tonga,OCEANIA                            ,2005,Male,140.0,70.8,29.3,13.2,68.9,2.93,9.81,664.0,73.4,37.7,396.0,236.0,6.84,2.85
Trinidad and Tobago,LATIN AMER. & CARIB    ,2005,Male,253.0,43.0,57.0,46.2,65.4,2.87,11.8,1230.0,71.8,45.5,406.0,257.0,173.0,279.0
Tunisia,NORTHERN AFRICA                    ,2005,Male,65.0,54.9,45.1,42.1,71.9,5.94,10.1,717.0,60.3,74.2,460.0,288.0,385.0,107.0
Turkey,NEAR EAST                          ,2005,Male,88.2,62.9,37.1,24.2,69.1,2.75,9.16,1220.0,62.8,54.5,380.0,276.0,2450.0,1850.0
Turkmenistan,C.W. OF IND. STATES ,2005,Male,10.1,79.6,20.4,73.8,61.3,2.32,11.7,959.0,72.4,35.0,494.0,310.0,577.0,262.0
Tuvalu,OCEANIA                            ,2005,Male,334.0,99.9,0.12,1.26,0.0,0.0,0.0,720.0,0.0,39.1,83.4,0.0,0.0,0.0
Uganda,SUB-SAHARAN AFRICA                 ,2005,Male,143.0,26.9,73.2,36.9,50.8,3.6,6.51,465.0,74.9,43.6,511.0,384.0,2920.0,1760.0
Ukraine,C.W. OF IND. STATES ,2005,Male,80.9,51.8,48.2,38.0,61.8,5.54,11.7,776.0,58.2,40.1,361.0,265.0,16000.0,6270.0
United Arab Emirates,NEAR EAST                          ,2005,Male,54.8,65.1,34.9,30.1,74.7,0.0,10.4,1050.0,90.2,40.0,434.0,217.0,256.0,63.0
United Kingdom,WESTERN EUROPE                     ,2005,Male,249.0,79.2,20.8,9.9,76.8,4.73,12.8,3290.0,65.7,58.9,310.0,171.0,5490.0,484.0
United States,NORTHERN AMERICA                   ,2005,Male,32.3,43.2,56.8,13.9,75.1,4.45,12.4,2360.0,68.5,52.0,329.0,213.0,39000.0,18600.0
Uruguay,LATIN AMER. & CARIB    ,2005,Male,19.0,72.3,27.7,25.9,72.1,2.66,9.28,1760.0,67.2,54.7,406.0,213.0,594.0,148.0
Uzbekistan,C.W. OF IND. STATES ,2005,Male,62.3,44.1,55.9,49.6,65.2,9.37,10.8,503.0,68.4,33.9,381.0,260.0,2850.0,941.0
Vanuatu,OCEANIA                            ,2005,Male,17.2,76.6,23.4,9.8,67.5,5.54,7.94,587.0,75.1,37.6,392.0,340.0,32.6,2.86
Venezuela,LATIN AMER. & CARIB    ,2005,Male,30.4,41.5,58.5,45.7,69.1,3.52,9.13,683.0,72.2,62.8,415.0,246.0,2340.0,9420.0
Vietnam,ASIA (EX. NEAR EAST)         ,2005,Male,272.0,30.9,69.0,37.3,69.3,3.67,8.51,862.0,79.7,34.2,417.0,310.0,7410.0,1690.0
Yemen,NEAR EAST                          ,2005,Male,39.0,53.8,46.2,64.8,60.5,3.6,6.62,912.0,62.4,50.1,540.0,410.0,931.0,634.0
Zambia,SUB-SAHARAN AFRICA                 ,2005,Male,16.2,51.3,48.7,31.5,48.0,1.86,7.03,686.0,76.5,54.5,410.0,372.0,1050.0,1180.0
Zimbabwe,SUB-SAHARAN AFRICA                 ,2005,Male,33.4,52.8,47.2,36.5,44.1,3.97,9.2,884.0,84.4,27.5,396.0,310.0,1910.0,1350.0
Afghanistan,ASIA (EX. NEAR EAST)         ,2005,Female,38.4,5.62,94.4,79.0,59.7,2.6,1.55,604.0,0.0,30.5,470.0,0.0,1600.0,4750.0
Albania,EASTERN EUROPE                     ,2005,Female,112.0,36.1,63.9,52.5,78.2,3.0,10.0,668.0,0.0,38.9,375.0,0.0,204.0,94.4
Algeria,NORTHERN AFRICA                    ,2005,Female,14.0,73.3,26.7,28.1,74.1,4.47,8.61,729.0,0.0,56.2,460.0,0.0,1210.0,451.0
Andorra,WESTERN EUROPE                     ,2005,Female,168.0,64.8,35.2,50.5,0.0,1.54,14.9,1230.0,0.0,40.0,12.9,0.0,7.04,0.5
Angola,SUB-SAHARAN AFRICA                 ,2005,Female,15.7,79.2,20.8,42.3,55.4,2.62,4.64,657.0,0.0,57.2,486.0,0.0,980.0,845.0
Antigua and Barbuda,LATIN AMER. & CARIB    ,2005,Female,203.0,69.0,31.0,29.9,76.9,2.96,13.6,758.0,0.0,40.0,419.0,0.0,1.89,4.5
Argentina,LATIN AMER. & CARIB    ,2005,Female,14.3,53.9,46.1,33.0,78.6,3.49,11.3,1510.0,0.0,47.7,402.0,0.0,4470.0,2200.0
Armenia,C.W. OF IND. STATES ,2005,Female,105.0,18.1,81.9,72.4,75.6,2.59,10.7,515.0,0.0,31.5,364.0,0.0,181.0,131.0
Australia,OCEANIA                            ,2005,Female,2.63,66.8,33.2,19.6,83.3,4.9,13.8,841.0,0.0,38.7,391.0,0.0,2430.0,292.0
Austria,WESTERN EUROPE                     ,2005,Female,100.0,76.8,23.2,19.2,82.3,5.09,10.8,1950.0,0.0,33.4,306.0,0.0,1520.0,78.7
Azerbaijan,C.W. OF IND. STATES ,2005,Female,103.0,18.5,81.5,87.5,71.8,3.34,11.1,777.0,0.0,70.5,372.0,0.0,362.0,386.0
Bahamas,LATIN AMER. & CARIB    ,2005,Female,32.9,47.6,52.4,29.9,76.8,3.84,12.2,1450.0,0.0,40.0,414.0,0.0,9.44,62.8
Bahrain,NEAR EAST                          ,2005,Female,1170.0,67.5,32.5,28.2,76.3,3.0,9.71,1310.0,0.0,40.0,440.0,0.0,75.5,19.0
Bangladesh,ASIA (EX. NEAR EAST)         ,2005,Female,1100.0,39.0,61.0,64.9,68.7,1.54,5.49,875.0,0.0,28.0,508.0,0.0,12100.0,4320.0
Barbados,LATIN AMER. & CARIB    ,2005,Female,637.0,65.8,34.2,35.1,76.4,5.55,11.0,915.0,0.0,40.0,495.0,0.0,14.2,29.4
Belarus,C.W. OF IND. STATES ,2005,Female,47.4,75.5,24.5,21.8,74.3,5.58,11.3,612.0,0.0,55.6,366.0,0.0,4030.0,1120.0
Belgium,WESTERN EUROPE                     ,2005,Female,348.0,74.6,25.4,17.5,81.8,5.6,12.6,2420.0,0.0,41.7,321.0,0.0,2250.0,177.0
Belize,LATIN AMER. & CARIB    ,2005,Female,12.4,52.8,47.2,34.0,72.0,5.33,8.8,580.0,0.0,60.3,420.0,0.0,17.8,54.8
Benin,SUB-SAHARAN AFRICA                 ,2005,Female,70.8,44.2,55.8,51.1,58.8,3.62,3.25,598.0,0.0,40.7,430.0,0.0,585.0,224.0
Bhutan,ASIA (EX. NEAR EAST)         ,2005,Female,17.2,79.3,20.7,16.8,65.1,4.3,3.22,631.0,0.0,40.9,458.0,0.0,41.9,9.86
Bolivia,LATIN AMER. & CARIB    ,2005,Female,8.42,60.1,39.9,30.5,65.8,5.59,8.98,855.0,0.0,39.2,405.0,0.0,585.0,583.0
Bosnia and Herzegovina,EASTERN EUROPE                     ,2005,Female,74.1,57.6,42.4,45.2,77.8,0.0,9.39,670.0,0.0,30.0,379.0,0.0,328.0,128.0
Botswana,SUB-SAHARAN AFRICA                 ,2005,Female,3.27,62.2,37.8,6.44,53.9,9.32,8.77,398.0,0.0,47.0,397.0,0.0,322.0,286.0
Brazil,LATIN AMER. & CARIB    ,2005,Female,22.4,40.3,59.7,35.0,75.9,4.39,7.99,1110.0,0.0,37.9,417.0,0.0,11800.0,54400.0
Brunei,ASIA (EX. NEAR EAST)         ,2005,Female,69.3,86.5,13.5,16.3,78.0,2.83,14.3,1520.0,0.0,40.0,455.0,0.0,14.5,4.56
Bulgaria,EASTERN EUROPE                     ,2005,Female,70.8,60.9,39.1,38.9,76.2,3.81,10.4,1090.0,0.0,38.9,362.0,0.0,1300.0,259.0
Burkina Faso,SUB-SAHARAN AFRICA                 ,2005,Female,49.1,39.6,60.4,30.7,54.0,4.27,2.0,481.0,0.0,38.1,455.0,0.0,772.0,117.0
Burundi,SUB-SAHARAN AFRICA                 ,2005,Female,289.0,28.6,71.4,35.2,54.4,3.6,3.75,423.0,0.0,35.1,424.0,0.0,684.0,77.2
Cambodia,ASIA (EX. NEAR EAST)         ,2005,Female,75.2,20.4,79.6,60.9,65.3,1.65,5.47,905.0,0.0,42.0,380.0,0.0,763.0,547.0
Cameroon,SUB-SAHARAN AFRICA                 ,2005,Female,36.9,20.8,79.2,76.6,53.8,2.89,6.55,627.0,0.0,41.9,460.0,0.0,1580.0,658.0
Canada,NORTHERN AMERICA                   ,2005,Female,3.55,70.4,29.6,15.4,82.5,4.66,13.4,1440.0,0.0,44.8,333.0,0.0,4260.0,525.0
Cape Verde,SUB-SAHARAN AFRICA                 ,2005,Female,118.0,73.5,26.5,24.6,73.3,5.64,6.89,530.0,0.0,52.5,395.0,0.0,65.9,62.0
Central African Republic,SUB-SAHARAN AFRICA                 ,2005,Female,6.63,41.4,58.6,42.6,45.7,1.61,3.81,425.0,0.0,57.6,444.0,0.0,368.0,257.0
Chad,SUB-SAHARAN AFRICA                 ,2005,Female,7.99,42.5,57.5,56.2,48.8,1.01,1.96,419.0,0.0,28.2,432.0,0.0,492.0,270.0
Chile,LATIN AMER. & CARIB    ,2005,Female,21.7,41.6,58.4,42.5,80.6,3.36,11.9,1030.0,0.0,48.4,417.0,0.0,1960.0,783.0
China,ASIA (EX. NEAR EAST)         ,2005,Female,141.0,38.3,61.7,57.7,75.6,1.79,9.64,985.0,0.0,37.1,417.0,0.0,180000.0,31400.0
Colombia,LATIN AMER. & CARIB    ,2005,Female,39.0,70.8,29.3,17.9,76.0,4.1,9.49,964.0,0.0,59.1,417.0,0.0,2820.0,19600.0
Comoros,SUB-SAHARAN AFRICA                 ,2005,Female,329.0,52.8,47.3,80.1,61.8,3.88,5.58,706.0,0.0,34.1,416.0,0.0,27.6,39.9
"Congo, Dem. Rep.",SUB-SAHARAN AFRICA                 ,2005,Female,24.2,4.08,95.9,68.2,55.1,1.28,5.16,513.0,0.0,40.4,423.0,0.0,3020.0,2090.0
"Congo, Rep.",SUB-SAHARAN AFRICA                 ,2005,Female,10.9,57.7,42.3,52.0,55.8,2.52,7.13,598.0,0.0,56.4,409.0,0.0,236.0,171.0
Costa Rica,LATIN AMER. & CARIB    ,2005,Female,83.2,76.8,23.2,32.8,80.5,4.23,9.54,777.0,0.0,42.1,441.0,0.0,307.0,292.0
Cote d'Ivoire,SUB-SAHARAN AFRICA                 ,2005,Female,57.7,26.3,73.7,60.4,48.5,4.06,3.67,859.0,0.0,40.3,428.0,0.0,1530.0,370.0
Croatia,EASTERN EUROPE                     ,2005,Female,78.2,86.1,13.9,13.4,78.9,3.73,9.49,1240.0,0.0,16.3,367.0,0.0,952.0,87.7
Cuba,LATIN AMER. & CARIB    ,2005,Female,106.0,90.1,9.9,14.8,79.9,9.19,11.8,1020.0,0.0,40.0,389.0,0.0,1670.0,626.0
Cyprus,NEAR EAST                          ,2005,Female,111.0,41.6,58.4,51.2,80.7,5.91,12.9,855.0,0.0,30.1,339.0,0.0,44.4,18.4
Czech Republic,EASTERN EUROPE                     ,2005,Female,133.0,90.3,9.68,11.1,79.4,3.67,11.6,1920.0,0.0,22.8,380.0,0.0,1730.0,182.0
Denmark,WESTERN EUROPE                     ,2005,Female,128.0,83.9,16.1,14.7,80.2,7.66,12.1,2070.0,0.0,37.2,363.0,0.0,832.0,66.2
Djibouti,SUB-SAHARAN AFRICA                 ,2005,Female,33.8,67.8,32.2,41.7,59.5,7.43,4.64,786.0,0.0,36.5,445.0,0.0,29.5,57.1
Dominica,LATIN AMER. & CARIB    ,2005,Female,94.2,69.0,31.0,40.5,0.0,5.0,12.2,664.0,0.0,40.0,139.0,0.0,2.59,5.15
Dominican Republic,LATIN AMER. & CARIB    ,2005,Female,191.0,34.5,65.5,53.9,74.9,1.82,9.54,668.0,0.0,39.9,445.0,0.0,525.0,1140.0
Ecuador,LATIN AMER. & CARIB    ,2005,Female,55.3,31.3,68.8,63.0,77.2,2.53,9.47,530.0,0.0,41.9,406.0,0.0,1120.0,2540.0
Egypt,NORTHERN AFRICA                    ,2005,Female,77.1,40.5,59.5,64.6,71.8,4.41,8.28,792.0,0.0,34.0,405.0,0.0,2400.0,457.0
El Salvador,LATIN AMER. & CARIB    ,2005,Female,291.0,45.2,54.8,43.0,74.9,2.76,8.14,976.0,0.0,41.2,462.0,0.0,561.0,3500.0
Equatorial Guinea,SUB-SAHARAN AFRICA                 ,2005,Female,27.0,46.3,53.7,69.2,55.5,1.0,6.28,362.0,0.0,40.0,447.0,0.0,37.1,25.0
Eritrea,SUB-SAHARAN AFRICA                 ,2005,Female,39.3,47.6,52.4,35.2,60.8,1.99,4.52,533.0,0.0,40.0,441.0,0.0,259.0,331.0
Estonia,BALTICS                            ,2005,Female,32.0,67.8,32.2,20.5,78.0,4.58,9.87,953.0,0.0,47.8,362.0,0.0,377.0,140.0
Ethiopia,SUB-SAHARAN AFRICA                 ,2005,Female,76.7,53.6,46.4,31.3,57.6,3.27,4.66,524.0,0.0,47.7,448.0,0.0,5390.0,7390.0
Fiji,OCEANIA                            ,2005,Female,45.0,84.1,15.9,12.1,71.3,5.78,11.0,787.0,0.0,35.3,499.0,0.0,98.5,44.0
Finland,WESTERN EUROPE                     ,2005,Female,17.3,71.3,28.7,19.0,82.3,5.62,11.8,1280.0,0.0,47.1,370.0,0.0,1170.0,123.0
France,WESTERN EUROPE                     ,2005,Female,112.0,79.4,20.6,7.37,83.7,4.92,11.9,1850.0,0.0,73.3,282.0,0.0,13000.0,705.0
Gabon,SUB-SAHARAN AFRICA                 ,2005,Female,5.45,42.0,58.0,52.1,60.4,3.06,8.67,391.0,0.0,46.3,436.0,0.0,110.0,67.8
Gambia,SUB-SAHARAN AFRICA                 ,2005,Female,143.0,33.8,66.2,20.8,59.1,1.8,4.05,820.0,0.0,39.6,460.0,0.0,48.7,19.4
Georgia,C.W. OF IND. STATES ,2005,Female,64.6,17.0,83.0,79.6,76.4,2.64,11.9,544.0,0.0,26.9,385.0,0.0,272.0,185.0
Germany,WESTERN EUROPE                     ,2005,Female,234.0,79.5,20.5,14.0,82.0,4.11,12.0,1810.0,0.0,50.8,340.0,0.0,12500.0,822.0
Ghana,SUB-SAHARAN AFRICA                 ,2005,Female,94.7,48.7,51.3,40.4,59.5,6.4,6.74,703.0,0.0,47.0,471.0,0.0,1100.0,899.0
Greece,WESTERN EUROPE                     ,2005,Female,87.7,60.0,40.0,39.4,82.4,3.1,12.2,1400.0,0.0,51.6,361.0,0.0,446.0,118.0
Grenada,LATIN AMER. & CARIB    ,2005,Female,303.0,52.0,48.0,47.4,73.8,3.75,11.0,961.0,0.0,40.0,423.0,0.0,7.13,6.64
Guatemala,LATIN AMER. & CARIB    ,2005,Female,122.0,39.7,60.3,62.8,72.9,2.65,6.09,859.0,0.0,37.4,503.0,0.0,1290.0,5220.0
Guinea,SUB-SAHARAN AFRICA                 ,2005,Female,39.4,18.7,81.3,57.1,53.6,1.83,2.45,451.0,0.0,34.4,448.0,0.0,468.0,260.0
Guinea-Bissau,SUB-SAHARAN AFRICA                 ,2005,Female,49.1,16.2,83.8,41.2,54.3,1.79,2.45,779.0,0.0,49.5,417.0,0.0,103.0,94.0
Guyana,LATIN AMER. & CARIB    ,2005,Female,3.81,82.4,17.6,24.8,68.2,7.77,9.95,1220.0,0.0,39.5,429.0,0.0,206.0,147.0
Haiti,LATIN AMER. & CARIB    ,2005,Female,336.0,27.7,72.3,46.0,61.1,1.46,6.23,635.0,0.0,47.5,486.0,0.0,777.0,680.0
Honduras,LATIN AMER. & CARIB    ,2005,Female,65.9,66.8,33.2,47.9,74.0,4.85,7.62,676.0,0.0,58.5,393.0,0.0,235.0,2040.0
Hungary,EASTERN EUROPE                     ,2005,Female,111.0,70.7,29.3,25.8,77.3,5.27,11.8,1250.0,0.0,36.2,368.0,0.0,2800.0,257.0
Iceland,WESTERN EUROPE                     ,2005,Female,2.94,81.5,18.5,17.2,82.9,7.01,10.4,928.0,0.0,25.8,412.0,0.0,36.4,2.51
India,ASIA (EX. NEAR EAST)         ,2005,Female,385.0,26.0,74.0,73.1,65.4,3.13,5.8,1050.0,0.0,32.1,509.0,0.0,218000.0,48800.0
Indonesia,ASIA (EX. NEAR EAST)         ,2005,Female,125.0,36.1,63.9,54.2,69.2,2.48,8.72,996.0,0.0,40.8,444.0,0.0,8140.0,4600.0
Iran,ASIA (EX. NEAR EAST)         ,2005,Female,43.2,41.6,58.4,56.1,73.5,4.51,10.1,979.0,0.0,59.2,506.0,0.0,5250.0,2100.0
Iraq,NEAR EAST                          ,2005,Female,62.2,1.14,98.9,30.2,71.0,4.6,6.18,971.0,0.0,41.9,428.0,0.0,2090.0,2280.0
Ireland,WESTERN EUROPE                     ,2005,Female,61.2,75.1,24.9,13.6,81.2,4.83,13.2,1450.0,0.0,38.6,348.0,0.0,498.0,37.1
Israel,NEAR EAST                          ,2005,Female,305.0,64.0,36.0,30.2,82.2,5.61,13.9,881.0,0.0,34.7,448.0,0.0,583.0,208.0
Italy,WESTERN EUROPE                     ,2005,Female,200.0,72.5,27.5,21.6,83.6,3.98,12.6,2440.0,0.0,56.1,455.0,0.0,4650.0,617.0
Jamaica,LATIN AMER. & CARIB    ,2005,Female,253.0,52.6,47.4,29.9,76.2,4.75,11.8,1170.0,0.0,41.3,390.0,0.0,65.5,598.0
Japan,ASIA (EX. NEAR EAST)         ,2005,Female,352.0,80.8,19.2,15.7,85.6,3.0,14.2,1070.0,0.0,46.8,363.0,0.0,32400.0,1020.0
Jordan,NEAR EAST                          ,2005,Female,64.4,48.0,52.0,40.1,74.2,4.02,11.3,978.0,0.0,36.9,421.0,0.0,166.0,214.0
Kazakhstan,C.W. OF IND. STATES ,2005,Female,5.76,50.9,49.1,34.5,71.1,2.34,11.6,1160.0,0.0,35.3,497.0,0.0,6280.0,3120.0
Kenya,SUB-SAHARAN AFRICA                 ,2005,Female,63.3,46.3,53.7,45.0,57.4,6.49,7.83,892.0,0.0,54.1,508.0,0.0,1630.0,2720.0
Kiribati,OCEANIA                            ,2005,Female,114.0,94.6,5.4,0.118,67.9,6.1,9.39,558.0,0.0,37.0,429.0,0.0,21.1,3.07
Kuwait,NEAR EAST                          ,2005,Female,128.0,76.0,24.0,18.2,74.6,4.02,10.8,1160.0,0.0,40.0,500.0,0.0,73.0,41.1
Lao,ASIA (EX. NEAR EAST)         ,2005,Female,24.9,35.1,64.9,43.7,63.1,1.05,5.47,866.0,0.0,32.6,419.0,0.0,604.0,38.5
Latvia,BALTICS                            ,2005,Female,36.2,54.4,45.6,41.7,76.6,4.39,11.3,763.0,0.0,45.0,405.0,0.0,703.0,250.0
Lebanon,NEAR EAST                          ,2005,Female,390.0,32.6,67.4,47.3,78.7,2.5,10.0,1090.0,0.0,47.5,448.0,0.0,109.0,139.0
Lesotho,SUB-SAHARAN AFRICA                 ,2005,Female,64.2,51.2,48.8,34.4,47.4,8.68,8.85,396.0,0.0,56.0,407.0,0.0,453.0,641.0
Liberia,SUB-SAHARAN AFRICA                 ,2005,Female,33.9,26.4,73.6,72.5,55.9,3.75,3.89,799.0,0.0,36.5,429.0,0.0,249.0,80.4
Libya,NORTHERN AFRICA                    ,2005,Female,3.29,57.2,42.8,35.3,73.7,2.14,6.17,1050.0,0.0,40.0,405.0,0.0,244.0,117.0
Lithuania,BALTICS                            ,2005,Female,53.4,69.7,30.3,32.8,77.7,4.6,10.8,1290.0,0.0,44.6,459.0,0.0,1560.0,358.0
Luxembourg,WESTERN EUROPE                     ,2005,Female,177.0,85.1,14.9,12.9,81.8,4.34,11.1,1460.0,0.0,33.8,357.0,0.0,62.5,6.18
Madagascar,SUB-SAHARAN AFRICA                 ,2005,Female,31.5,66.5,33.5,35.4,62.5,2.67,4.93,574.0,0.0,38.8,437.0,0.0,997.0,409.0
Malawi,SUB-SAHARAN AFRICA                 ,2005,Female,138.0,45.8,54.2,9.1,51.4,3.68,4.97,351.0,0.0,44.8,440.0,0.0,779.0,388.0
Malaysia,ASIA (EX. NEAR EAST)         ,2005,Female,78.1,59.0,41.0,38.3,75.8,4.7,11.1,999.0,0.0,20.0,436.0,0.0,1810.0,634.0
Maldives,ASIA (EX. NEAR EAST)         ,2005,Female,1060.0,58.5,41.5,55.7,75.8,4.32,7.42,844.0,0.0,41.3,448.0,0.0,10.5,3.11
Mali,SUB-SAHARAN AFRICA                 ,2005,Female,10.5,32.9,67.1,57.8,52.7,3.52,1.78,604.0,0.0,49.2,494.0,0.0,387.0,301.0
Malta,WESTERN EUROPE                     ,2005,Female,1270.0,72.5,27.5,28.8,80.6,5.12,9.67,783.0,0.0,28.0,447.0,0.0,22.6,5.51
Marshall Islands,OCEANIA                            ,2005,Female,289.0,88.0,12.0,7.85,0.0,6.51,8.69,544.0,0.0,40.0,134.0,0.0,9.72,3.63
Mauritania,SUB-SAHARAN AFRICA                 ,2005,Female,3.04,66.5,33.5,68.8,62.3,2.34,4.41,529.0,0.0,40.3,417.0,0.0,93.9,64.5
Mauritius,SUB-SAHARAN AFRICA                 ,2005,Female,602.0,52.0,48.0,49.6,75.8,3.54,9.69,942.0,0.0,38.6,428.0,0.0,123.0,35.4
Mexico,LATIN AMER. & CARIB    ,2005,Female,55.8,46.6,53.4,54.6,77.8,4.85,9.63,1380.0,0.0,36.1,487.0,0.0,5190.0,13900.0
"Micronesia, Fed. Sts.",OCEANIA                            ,2005,Female,152.0,93.8,6.15,4.94,68.6,23.6,12.4,522.0,0.0,42.4,408.0,0.0,17.8,6.41
Moldova,C.W. OF IND. STATES ,2005,Female,127.0,48.5,51.5,42.8,71.7,5.71,11.9,622.0,0.0,43.4,386.0,0.0,871.0,387.0
Monaco,WESTERN EUROPE                     ,2005,Female,22700.0,87.1,12.9,5.82,0.0,1.17,0.0,1990.0,0.0,40.0,9.7,0.0,0.0,0.0
Mongolia,ASIA (EX. NEAR EAST)         ,2005,Female,1.63,81.9,18.1,32.4,69.1,4.16,9.33,593.0,0.0,32.0,420.0,0.0,598.0,316.0
Morocco,NORTHERN AFRICA                    ,2005,Female,68.4,29.4,70.6,59.3,72.9,6.98,4.74,716.0,0.0,55.4,403.0,0.0,1680.0,373.0
Mozambique,SUB-SAHARAN AFRICA                 ,2005,Female,26.6,72.4,27.6,9.41,53.0,4.26,3.71,394.0,0.0,52.1,440.0,0.0,1320.0,1400.0
Namibia,SUB-SAHARAN AFRICA                 ,2005,Female,2.47,68.9,31.1,4.0,55.3,7.24,8.3,541.0,0.0,51.4,412.0,0.0,243.0,388.0
Nauru,OCEANIA                            ,2005,Female,506.0,81.5,18.5,4.43,0.0,0.0,0.0,555.0,0.0,40.0,71.1,0.0,0.0,0.0
Nepal,ASIA (EX. NEAR EAST)         ,2005,Female,179.0,21.7,78.3,49.2,66.8,2.8,4.52,655.0,0.0,25.8,407.0,0.0,2970.0,615.0
Netherlands,WESTERN EUROPE                     ,2005,Female,485.0,63.1,36.9,10.6,81.5,4.54,12.7,2980.0,0.0,51.9,324.0,0.0,1890.0,194.0
New Zealand,OCEANIA                            ,2005,Female,15.7,78.0,22.0,14.1,81.8,6.62,13.7,660.0,0.0,38.2,391.0,0.0,522.0,62.8
Nicaragua,LATIN AMER. & CARIB    ,2005,Female,44.7,53.5,46.5,44.2,74.9,2.95,7.78,975.0,0.0,39.4,509.0,0.0,420.0,608.0
Niger,SUB-SAHARAN AFRICA                 ,2005,Female,10.8,43.8,56.2,51.7,53.8,2.66,1.52,447.0,0.0,34.9,433.0,0.0,477.0,315.0
Nigeria,SUB-SAHARAN AFRICA                 ,2005,Female,153.0,33.5,66.5,77.7,49.0,0.85,6.7,873.0,0.0,53.5,438.0,0.0,5300.0,1010.0
North Korea,ASIA (EX. NEAR EAST)         ,2005,Female,199.0,0.0,0.0,0.0,71.7,0.0,11.4,570.0,0.0,37.0,500.0,0.0,2960.0,735.0
Norway,WESTERN EUROPE                     ,2005,Female,12.7,82.5,17.4,16.7,82.3,6.26,13.1,1310.0,0.0,35.1,336.0,0.0,575.0,42.9
Oman,NEAR EAST                          ,2005,Female,8.11,81.8,18.3,10.5,76.6,3.26,8.18,917.0,0.0,40.0,414.0,0.0,60.2,12.1
Pakistan,ASIA (EX. NEAR EAST)         ,2005,Female,200.0,21.3,78.8,71.0,64.8,1.71,4.32,1020.0,0.0,24.5,502.0,0.0,6720.0,7930.0
Palau,OCEANIA                            ,2005,Female,43.3,66.3,33.7,15.4,0.0,0.0,0.0,841.0,0.0,40.0,41.6,0.0,0.0,0.0
Panama,LATIN AMER. & CARIB    ,2005,Female,44.8,68.1,31.9,32.2,78.8,3.13,10.8,849.0,0.0,40.1,406.0,0.0,207.0,401.0
Papua New Guinea,OCEANIA                            ,2005,Female,13.9,81.7,18.3,8.2,65.9,6.9,6.02,547.0,0.0,28.4,424.0,0.0,849.0,470.0
Paraguay,LATIN AMER. & CARIB    ,2005,Female,14.6,39.9,60.1,50.6,73.4,3.77,8.85,837.0,0.0,40.8,374.0,0.0,300.0,840.0
Peru,LATIN AMER. & CARIB    ,2005,Female,21.6,58.7,41.3,34.5,75.2,2.88,10.1,1210.0,0.0,53.0,372.0,0.0,936.0,973.0
Philippines,ASIA (EX. NEAR EAST)         ,2005,Female,289.0,47.6,52.4,52.1,71.1,1.8,10.1,964.0,0.0,28.5,432.0,0.0,4040.0,13800.0
Poland,EASTERN EUROPE                     ,2005,Female,125.0,70.0,30.0,27.7,79.3,5.28,12.3,1280.0,0.0,29.5,369.0,0.0,7510.0,981.0
Portugal,WESTERN EUROPE                     ,2005,Female,115.0,66.0,34.0,23.3,81.8,5.04,9.6,1690.0,0.0,58.1,373.0,0.0,1350.0,182.0
Qatar,NEAR EAST                          ,2005,Female,74.5,68.8,31.2,18.6,78.4,1.98,9.78,1160.0,0.0,40.0,433.0,0.0,53.9,9.57
Romania,EASTERN EUROPE                     ,2005,Female,93.1,67.7,32.3,18.5,76.0,3.38,11.4,817.0,0.0,40.5,372.0,0.0,2750.0,649.0
Russia,C.W. OF IND. STATES ,2005,Female,8.77,59.9,40.1,31.9,72.6,3.55,12.1,1450.0,0.0,52.8,419.0,0.0,71300.0,41500.0
Rwanda,SUB-SAHARAN AFRICA                 ,2005,Female,364.0,39.2,60.8,22.5,56.6,3.87,4.64,439.0,0.0,42.5,420.0,0.0,625.0,398.0
Samoa,OCEANIA                            ,2005,Female,63.6,76.8,23.3,13.0,74.4,3.98,13.0,1400.0,0.0,42.1,425.0,0.0,21.4,7.73
San Marino,WESTERN EUROPE                     ,2005,Female,487.0,86.0,14.0,21.6,0.0,3.55,0.0,1440.0,0.0,40.0,15.3,0.0,0.0,0.0
Sao Tome and Principe,SUB-SAHARAN AFRICA                 ,2005,Female,162.0,38.1,61.9,29.7,66.5,5.27,5.74,873.0,0.0,32.1,421.0,0.0,2.74,7.81
Saudi Arabia,NEAR EAST                          ,2005,Female,11.1,71.7,28.4,16.5,74.7,7.19,9.29,854.0,0.0,40.0,416.0,0.0,680.0,95.9
Senegal,SUB-SAHARAN AFRICA                 ,2005,Female,58.4,36.8,63.2,39.8,62.0,4.36,3.19,498.0,0.0,53.8,512.0,0.0,727.0,150.0
Serbia,EASTERN EUROPE                     ,2005,Female,105.0,70.0,30.0,29.8,75.7,4.39,9.93,1360.0,0.0,33.7,374.0,0.0,1940.0,316.0
Seychelles,SUB-SAHARAN AFRICA                 ,2005,Female,193.0,82.7,17.3,7.05,77.0,4.56,9.69,837.0,0.0,41.3,391.0,0.0,8.62,7.77
Sierra Leone,SUB-SAHARAN AFRICA                 ,2005,Female,78.4,13.3,86.8,66.8,44.7,2.89,3.38,735.0,0.0,41.2,514.0,0.0,240.0,76.7
Singapore,ASIA (EX. NEAR EAST)         ,2005,Female,6420.0,51.4,48.6,50.0,82.8,2.59,12.5,1020.0,0.0,47.0,456.0,0.0,410.0,24.6
Slovenia,EASTERN EUROPE                     ,2005,Female,99.1,74.0,26.0,13.0,81.2,5.21,11.2,1410.0,0.0,21.9,361.0,0.0,562.0,33.9
Solomon Islands,OCEANIA                            ,2005,Female,16.8,94.6,5.43,3.43,67.5,5.43,7.43,364.0,0.0,46.1,505.0,0.0,74.0,27.4
Somalia,SUB-SAHARAN AFRICA                 ,2005,Female,16.6,44.8,55.2,0.0,54.0,0.991,1.85,703.0,0.0,50.9,452.0,0.0,390.0,601.0
South Africa,SUB-SAHARAN AFRICA                 ,2005,Female,40.2,40.5,59.5,12.4,55.1,4.98,9.99,1480.0,0.0,35.2,398.0,0.0,8930.0,24000.0
South Korea,ASIA (EX. NEAR EAST)         ,2005,Female,501.0,48.6,51.4,38.8,81.6,3.42,13.1,567.0,0.0,32.0,503.0,0.0,13300.0,1040.0
South Sudan,SUB-SAHARAN AFRICA                 ,2005,Female,13.3,0.0,0.0,0.0,52.3,1.15,1.31,508.0,0.0,45.0,490.0,0.0,261.0,422.0
Spain,WESTERN EUROPE                     ,2005,Female,88.3,71.6,28.4,22.0,83.8,3.82,11.9,1520.0,0.0,32.3,451.0,0.0,3810.0,440.0
Sri Lanka,ASIA (EX. NEAR EAST)         ,2005,Female,311.0,48.8,51.2,40.5,77.7,2.05,10.6,899.0,0.0,37.2,410.0,0.0,6010.0,1310.0
Suriname,LATIN AMER. & CARIB    ,2005,Female,3.2,48.8,51.2,18.1,72.4,3.44,8.42,1640.0,0.0,45.6,406.0,0.0,110.0,44.3
Swaziland,SUB-SAHARAN AFRICA                 ,2005,Female,64.3,56.3,43.7,0.0,47.7,0.0,8.35,491.0,0.0,60.5,414.0,0.0,169.0,212.0
Sweden,WESTERN EUROPE                     ,2005,Female,22.0,84.9,15.1,17.1,82.7,6.47,13.6,1410.0,0.0,39.5,275.0,0.0,1390.0,112.0
Switzerland,WESTERN EUROPE                     ,2005,Female,188.0,55.4,44.6,30.3,83.6,4.41,10.3,2710.0,0.0,38.6,345.0,0.0,1470.0,76.7
Syria,NEAR EAST                          ,2005,Female,99.6,40.5,59.5,49.5,76.8,2.6,7.45,1080.0,0.0,46.5,429.0,0.0,332.0,406.0
Tajikistan,C.W. OF IND. STATES ,2005,Female,49.0,20.4,79.6,66.1,70.8,3.2,9.77,559.0,0.0,36.4,369.0,0.0,307.0,209.0
Tanzania,SUB-SAHARAN AFRICA                 ,2005,Female,44.5,43.4,56.6,34.1,57.6,3.37,6.2,563.0,0.0,27.9,415.0,0.0,2110.0,3150.0
Thailand,ASIA (EX. NEAR EAST)         ,2005,Female,128.0,56.1,43.9,27.6,75.7,4.13,9.86,933.0,0.0,46.2,438.0,0.0,8500.0,6020.0
Togo,SUB-SAHARAN AFRICA                 ,2005,Female,104.0,31.1,68.9,66.7,55.3,3.39,4.69,684.0,0.0,43.6,427.0,0.0,449.0,180.0
Tonga,OCEANIA                            ,2005,Female,140.0,70.8,29.3,13.2,74.1,2.93,10.3,664.0,0.0,37.7,396.0,0.0,6.84,2.85
Trinidad and Tobago,LATIN AMER. & CARIB    ,2005,Female,253.0,43.0,57.0,46.2,72.7,2.87,12.6,1230.0,0.0,45.5,406.0,0.0,173.0,279.0
Tunisia,NORTHERN AFRICA                    ,2005,Female,65.0,54.9,45.1,42.1,76.7,5.94,8.57,717.0,0.0,74.2,460.0,0.0,385.0,107.0
Turkey,NEAR EAST                          ,2005,Female,88.2,62.9,37.1,24.2,76.0,2.75,8.05,1220.0,0.0,54.5,380.0,0.0,2450.0,1850.0
Turkmenistan,C.W. OF IND. STATES ,2005,Female,10.1,79.6,20.4,73.8,68.9,2.32,12.1,959.0,0.0,35.0,494.0,0.0,577.0,262.0
Tuvalu,OCEANIA                            ,2005,Female,334.0,99.9,0.12,1.26,0.0,0.0,0.0,720.0,0.0,39.1,83.4,0.0,0.0,0.0
Uganda,SUB-SAHARAN AFRICA                 ,2005,Female,143.0,26.9,73.2,36.9,54.4,3.6,5.83,465.0,0.0,43.6,511.0,0.0,2920.0,1760.0
Ukraine,C.W. OF IND. STATES ,2005,Female,80.9,51.8,48.2,38.0,73.4,5.54,11.9,776.0,0.0,40.1,361.0,0.0,16000.0,6270.0
United Arab Emirates,NEAR EAST                          ,2005,Female,54.8,65.1,34.9,30.1,76.8,0.0,11.2,1050.0,0.0,40.0,434.0,0.0,256.0,63.0
United Kingdom,WESTERN EUROPE                     ,2005,Female,249.0,79.2,20.8,9.9,81.2,4.73,13.1,3290.0,0.0,58.9,310.0,0.0,5490.0,484.0
United States,NORTHERN AMERICA                   ,2005,Female,32.3,43.2,56.8,13.9,80.2,4.45,12.6,2360.0,0.0,52.0,329.0,0.0,39000.0,18600.0
Uruguay,LATIN AMER. & CARIB    ,2005,Female,19.0,72.3,27.7,25.9,79.3,2.66,10.2,1760.0,0.0,54.7,406.0,0.0,594.0,148.0
Uzbekistan,C.W. OF IND. STATES ,2005,Female,62.3,44.1,55.9,49.6,71.6,9.37,10.9,503.0,0.0,33.9,381.0,0.0,2850.0,941.0
Vanuatu,OCEANIA                            ,2005,Female,17.2,76.6,23.4,9.8,71.2,5.54,7.92,587.0,0.0,37.6,392.0,0.0,32.6,2.86
Venezuela,LATIN AMER. & CARIB    ,2005,Female,30.4,41.5,58.5,45.7,77.5,3.52,10.3,683.0,0.0,62.8,415.0,0.0,2340.0,9420.0
Vietnam,ASIA (EX. NEAR EAST)         ,2005,Female,272.0,30.9,69.0,37.3,79.2,3.67,8.56,862.0,0.0,34.2,417.0,0.0,7410.0,1690.0
Yemen,NEAR EAST                          ,2005,Female,39.0,53.8,46.2,64.8,63.3,3.6,2.66,912.0,0.0,50.1,540.0,0.0,931.0,634.0
Zambia,SUB-SAHARAN AFRICA                 ,2005,Female,16.2,51.3,48.7,31.5,51.2,1.86,6.51,686.0,0.0,54.5,410.0,0.0,1050.0,1180.0
Zimbabwe,SUB-SAHARAN AFRICA                 ,2005,Female,33.4,52.8,47.2,36.5,46.4,3.97,9.13,884.0,0.0,27.5,396.0,0.0,1910.0,1350.0
Afghanistan,ASIA (EX. NEAR EAST)         ,2010,Male,44.1,11.6,88.5,79.0,60.1,2.82,4.73,604.0,80.4,30.5,471.0,484.0,1760.0,4940.0
Albania,EASTERN EUROPE                     ,2010,Male,107.0,40.2,59.8,48.0,74.4,3.11,10.4,669.0,53.8,38.9,375.0,142.0,195.0,68.4
Algeria,NORTHERN AFRICA                    ,2010,Male,15.2,72.1,27.9,28.9,73.5,4.47,8.71,734.0,64.4,56.4,460.0,271.0,1290.0,447.0
Andorra,WESTERN EUROPE                     ,2010,Male,180.0,69.1,30.9,45.4,0.0,3.01,14.4,1240.0,0.0,40.0,12.9,0.0,7.76,0.54
Angola,SUB-SAHARAN AFRICA                 ,2010,Male,18.7,74.5,25.5,19.3,55.5,3.57,5.55,671.0,73.0,56.9,486.0,482.0,1100.0,978.0
Antigua and Barbuda,LATIN AMER. & CARIB    ,2010,Male,215.0,63.1,36.9,24.3,72.9,2.25,12.9,759.0,0.0,40.0,403.0,222.0,2.07,4.93
Argentina,LATIN AMER. & CARIB    ,2010,Male,15.1,54.2,45.8,19.7,71.7,4.52,11.1,1510.0,69.1,47.3,402.0,224.0,4650.0,2390.0
Armenia,C.W. OF IND. STATES ,2010,Male,101.0,30.4,69.6,62.1,70.0,2.85,10.9,515.0,59.4,31.5,362.0,179.0,232.0,128.0
Australia,OCEANIA                            ,2010,Male,2.88,66.9,33.1,19.7,79.7,5.08,14.1,851.0,68.8,38.7,391.0,165.0,2630.0,308.0
Austria,WESTERN EUROPE                     ,2010,Male,102.0,76.1,23.9,18.6,77.9,5.4,11.3,1990.0,63.5,33.0,299.0,197.0,1470.0,73.6
Azerbaijan,C.W. OF IND. STATES ,2010,Male,109.0,11.3,88.7,75.1,67.9,2.9,11.6,778.0,63.9,70.5,369.0,221.0,400.0,351.0
Bahamas,LATIN AMER. & CARIB    ,2010,Male,36.0,44.3,55.7,28.4,71.6,3.84,12.1,1450.0,70.1,40.0,396.0,269.0,11.3,81.5
Bahrain,NEAR EAST                          ,2010,Male,1630.0,69.0,31.0,28.5,75.3,2.73,9.66,1340.0,87.0,40.0,440.0,165.0,89.3,23.3
Bangladesh,ASIA (EX. NEAR EAST)         ,2010,Male,1170.0,34.9,65.1,67.2,69.0,1.78,6.49,875.0,81.0,28.0,508.0,217.0,12200.0,4390.0
Barbados,LATIN AMER. & CARIB    ,2010,Male,650.0,64.4,35.6,38.1,72.5,5.78,10.5,916.0,65.0,40.0,504.0,214.0,15.1,28.8
Belarus,C.W. OF IND. STATES ,2010,Male,46.7,72.9,27.1,29.2,65.1,4.95,11.9,614.0,68.7,55.5,366.0,278.0,3450.0,909.0
Belgium,WESTERN EUROPE                     ,2010,Male,361.0,75.9,24.1,17.6,77.4,6.1,12.6,2420.0,55.9,41.5,320.0,175.0,2310.0,163.0
Belize,LATIN AMER. & CARIB    ,2010,Male,14.1,59.7,40.3,24.0,67.1,6.47,9.15,580.0,76.0,60.3,405.0,172.0,20.8,67.2
Benin,SUB-SAHARAN AFRICA                 ,2010,Male,81.6,49.7,50.3,45.1,57.9,4.79,5.92,598.0,72.3,40.7,430.0,408.0,698.0,271.0
Bhutan,ASIA (EX. NEAR EAST)         ,2010,Male,19.1,76.0,24.0,16.5,67.6,3.05,6.86,631.0,72.3,40.9,456.0,454.0,44.8,10.5
Bolivia,LATIN AMER. & CARIB    ,2010,Male,9.16,66.2,33.8,31.9,64.1,7.21,10.2,856.0,80.3,39.2,405.0,365.0,641.0,636.0
Bosnia and Herzegovina,EASTERN EUROPE                     ,2010,Male,73.0,55.0,45.0,30.1,73.3,0.0,10.3,670.0,44.6,30.0,379.0,202.0,300.0,123.0
Botswana,SUB-SAHARAN AFRICA                 ,2010,Male,3.56,74.3,25.7,5.15,57.2,9.48,7.7,398.0,57.4,47.0,397.0,289.0,320.0,297.0
Brazil,LATIN AMER. & CARIB    ,2010,Male,23.5,40.1,59.9,43.8,70.1,5.39,7.55,1110.0,73.6,37.7,417.0,289.0,12700.0,57500.0
Brunei,ASIA (EX. NEAR EAST)         ,2010,Male,73.7,84.2,15.8,8.26,75.1,2.03,14.7,1520.0,72.3,40.0,455.0,181.0,16.9,4.89
Bulgaria,EASTERN EUROPE                     ,2010,Male,68.2,60.9,39.1,43.1,70.3,3.98,10.8,1090.0,53.1,38.9,360.0,190.0,1120.0,222.0
Burkina Faso,SUB-SAHARAN AFRICA                 ,2010,Male,57.0,59.5,40.5,30.2,56.4,3.23,3.34,481.0,78.9,38.1,455.0,379.0,906.0,144.0
Burundi,SUB-SAHARAN AFRICA                 ,2010,Male,341.0,34.8,65.2,28.2,53.1,6.36,4.99,425.0,76.6,35.1,424.0,405.0,713.0,93.1
Cambodia,ASIA (EX. NEAR EAST)         ,2010,Male,81.1,20.5,79.5,51.9,64.3,1.61,6.85,906.0,88.9,42.0,380.0,644.0,825.0,595.0
Cameroon,SUB-SAHARAN AFRICA                 ,2010,Male,42.2,23.6,76.4,71.7,54.3,2.96,8.04,628.0,78.6,41.7,460.0,367.0,1820.0,741.0
Canada,NORTHERN AMERICA                   ,2010,Male,3.76,70.2,29.8,15.4,79.1,5.0,13.8,1480.0,65.2,44.3,333.0,164.0,4340.0,555.0
Cape Verde,SUB-SAHARAN AFRICA                 ,2010,Male,125.0,77.3,22.7,28.1,70.0,4.91,7.48,531.0,65.5,52.5,395.0,274.0,77.6,75.8
Central African Republic,SUB-SAHARAN AFRICA                 ,2010,Male,7.14,35.3,64.7,46.4,46.1,1.15,6.17,425.0,74.5,57.6,444.0,397.0,406.0,297.0
Chad,SUB-SAHARAN AFRICA                 ,2010,Male,9.44,41.1,58.9,67.6,49.3,1.48,4.56,419.0,75.3,28.2,432.0,425.0,581.0,346.0
Chile,LATIN AMER. & CARIB    ,2010,Male,22.9,40.0,60.0,34.5,75.7,4.23,12.0,1030.0,69.4,48.9,417.0,243.0,2120.0,789.0
China,ASIA (EX. NEAR EAST)         ,2010,Male,145.0,38.8,61.2,40.8,73.8,1.79,10.5,985.0,74.3,36.8,417.0,171.0,151000.0,23400.0
Colombia,LATIN AMER. & CARIB    ,2010,Male,41.4,70.0,29.9,20.9,69.7,3.9,9.4,965.0,75.4,59.1,417.0,250.0,2890.0,18000.0
Comoros,SUB-SAHARAN AFRICA                 ,2010,Male,371.0,61.0,39.0,78.7,60.3,4.1,6.71,710.0,47.7,34.1,416.0,394.0,31.7,47.8
"Congo, Dem. Rep.",SUB-SAHARAN AFRICA                 ,2010,Male,28.5,30.0,70.0,37.0,55.5,1.52,7.13,524.0,71.4,40.4,423.0,411.0,3600.0,2530.0
"Congo, Rep.",SUB-SAHARAN AFRICA                 ,2010,Male,12.8,59.5,40.5,42.2,59.1,2.52,8.31,606.0,61.8,56.3,409.0,317.0,251.0,182.0
Costa Rica,LATIN AMER. & CARIB    ,2010,Male,89.0,70.3,29.7,25.4,76.3,6.42,9.26,777.0,71.2,42.1,441.0,159.0,325.0,367.0
Cote d'Ivoire,SUB-SAHARAN AFRICA                 ,2010,Male,64.2,19.8,80.2,58.1,49.4,4.4,6.0,876.0,70.5,40.3,428.0,374.0,1680.0,420.0
Croatia,EASTERN EUROPE                     ,2010,Male,77.3,86.0,14.0,14.0,73.1,4.08,9.8,1340.0,53.2,16.3,367.0,245.0,868.0,73.9
Cuba,LATIN AMER. & CARIB    ,2010,Male,106.0,93.5,6.54,9.18,76.9,13.0,11.9,1080.0,67.1,40.0,380.0,149.0,1670.0,620.0
Cyprus,NEAR EAST                          ,2010,Male,120.0,41.8,58.2,41.0,77.2,6.22,12.8,856.0,66.3,30.1,339.0,123.0,46.7,17.6
Czech Republic,EASTERN EUROPE                     ,2010,Male,136.0,87.3,12.7,15.3,74.5,3.93,12.0,1920.0,63.6,23.1,380.0,229.0,1710.0,161.0
Denmark,WESTERN EUROPE                     ,2010,Male,131.0,84.5,15.5,14.4,77.3,7.94,12.3,2080.0,63.3,37.1,357.0,167.0,755.0,55.5
Djibouti,SUB-SAHARAN AFRICA                 ,2010,Male,36.7,68.4,31.6,29.0,58.9,7.43,8.5,799.0,67.1,36.5,445.0,340.0,34.5,66.9
Dominica,LATIN AMER. & CARIB    ,2010,Male,95.3,62.1,37.9,36.4,0.0,5.0,11.7,665.0,0.0,40.0,139.0,154.0,2.91,6.54
Dominican Republic,LATIN AMER. & CARIB    ,2010,Male,205.0,31.6,68.4,43.9,69.7,1.91,9.03,669.0,75.7,39.9,445.0,241.0,507.0,1360.0
Ecuador,LATIN AMER. & CARIB    ,2010,Male,60.1,22.3,77.7,47.5,72.3,3.88,9.56,530.0,77.6,41.9,406.0,227.0,1240.0,2470.0
Egypt,NORTHERN AFRICA                    ,2010,Male,84.5,40.6,59.4,62.6,68.2,4.41,9.97,793.0,70.0,34.1,405.0,248.0,2840.0,611.0
El Salvador,LATIN AMER. & CARIB    ,2010,Male,298.0,52.6,47.4,33.6,67.2,3.16,8.64,977.0,74.8,41.2,462.0,403.0,582.0,3680.0
Equatorial Guinea,SUB-SAHARAN AFRICA                 ,2010,Male,33.9,58.8,41.2,68.8,54.7,1.0,7.64,365.0,58.2,40.0,447.0,438.0,42.8,28.3
Eritrea,SUB-SAHARAN AFRICA                 ,2010,Male,43.5,46.0,54.0,52.7,60.2,1.72,6.3,534.0,81.2,40.0,441.0,424.0,295.0,382.0
Estonia,BALTICS                            ,2010,Male,31.4,77.0,23.0,21.9,70.2,5.43,9.88,959.0,54.2,47.8,362.0,303.0,277.0,86.8
Ethiopia,SUB-SAHARAN AFRICA                 ,2010,Male,87.7,60.9,39.1,42.3,60.0,2.96,5.99,524.0,87.4,47.7,448.0,440.0,5940.0,8700.0
Fiji,OCEANIA                            ,2010,Male,47.1,81.4,18.6,22.4,66.5,4.64,11.2,787.0,68.6,35.3,499.0,269.0,97.0,42.3
Finland,WESTERN EUROPE                     ,2010,Male,17.7,75.4,24.6,20.0,76.9,6.07,11.8,1290.0,58.1,47.1,355.0,204.0,1090.0,107.0
France,WESTERN EUROPE                     ,2010,Male,115.0,78.8,21.2,10.1,78.1,5.1,11.9,1870.0,56.6,73.1,285.0,196.0,12900.0,659.0
Gabon,SUB-SAHARAN AFRICA                 ,2010,Male,6.37,42.3,57.7,25.5,62.0,3.06,9.0,391.0,49.5,46.3,436.0,326.0,115.0,75.8
Gambia,SUB-SAHARAN AFRICA                 ,2010,Male,167.0,55.0,45.0,21.0,58.4,2.46,6.26,822.0,64.0,39.6,460.0,406.0,55.8,21.5
Georgia,C.W. OF IND. STATES ,2010,Male,60.9,19.2,80.8,72.7,68.5,1.91,12.3,544.0,61.6,26.9,381.0,226.0,300.0,167.0
Germany,WESTERN EUROPE                     ,2010,Male,232.0,76.6,23.4,13.9,77.5,4.68,12.0,1870.0,61.6,50.5,340.0,158.0,12000.0,733.0
Ghana,SUB-SAHARAN AFRICA                 ,2010,Male,108.0,66.3,33.6,33.4,60.0,4.68,7.92,706.0,74.8,46.7,471.0,351.0,1230.0,974.0
Greece,WESTERN EUROPE                     ,2010,Male,88.8,60.1,39.9,28.1,77.6,3.1,12.3,1420.0,58.0,51.6,361.0,159.0,485.0,133.0
Grenada,LATIN AMER. & CARIB    ,2010,Male,308.0,47.8,52.3,52.5,70.2,3.75,10.5,961.0,0.0,40.0,408.0,254.0,7.46,7.62
Guatemala,LATIN AMER. & CARIB    ,2010,Male,137.0,33.8,66.2,59.6,68.3,2.88,7.24,860.0,82.6,37.4,503.0,330.0,1030.0,5840.0
Guinea,SUB-SAHARAN AFRICA                 ,2010,Male,43.9,11.3,88.7,65.0,56.0,3.67,5.13,451.0,62.9,34.4,448.0,436.0,562.0,324.0
Guinea-Bissau,SUB-SAHARAN AFRICA                 ,2010,Male,55.3,15.9,84.1,44.7,53.5,1.38,4.43,779.0,73.5,49.5,417.0,403.0,118.0,111.0
Guyana,LATIN AMER. & CARIB    ,2010,Male,3.79,65.4,34.6,42.6,63.7,3.38,9.87,1220.0,69.0,39.5,429.0,299.0,232.0,149.0
Haiti,LATIN AMER. & CARIB    ,2010,Male,363.0,21.3,78.7,33.3,59.2,1.46,7.08,635.0,61.4,47.5,486.0,371.0,865.0,693.0
Honduras,LATIN AMER. & CARIB    ,2010,Male,73.2,64.8,35.2,46.8,70.0,5.77,7.62,676.0,81.9,58.5,393.0,292.0,260.0,2540.0
Hungary,EASTERN EUROPE                     ,2010,Male,110.0,72.3,27.7,27.4,70.7,4.55,12.1,1250.0,51.4,35.8,368.0,263.0,2570.0,220.0
Iceland,WESTERN EUROPE                     ,2010,Male,3.2,81.7,18.3,18.2,80.1,8.06,10.8,929.0,72.6,25.8,412.0,141.0,38.5,2.43
India,ASIA (EX. NEAR EAST)         ,2010,Male,414.0,23.9,76.1,65.2,65.5,3.08,8.32,1050.0,77.9,32.3,509.0,308.0,217000.0,47200.0
Indonesia,ASIA (EX. NEAR EAST)         ,2010,Male,134.0,38.1,61.9,57.0,66.1,2.55,9.2,997.0,79.6,40.5,444.0,229.0,8420.0,4540.0
Iran,ASIA (EX. NEAR EAST)         ,2010,Male,45.8,44.2,55.8,59.4,72.5,4.11,11.3,979.0,61.6,59.4,506.0,475.0,4930.0,1810.0
Iraq,NEAR EAST                          ,2010,Male,70.8,67.3,32.6,26.1,65.8,4.6,7.88,972.0,69.8,42.1,428.0,375.0,2340.0,2510.0
Ireland,WESTERN EUROPE                     ,2010,Male,67.2,77.0,23.0,13.8,78.1,6.65,13.1,1450.0,57.4,38.2,348.0,176.0,528.0,40.5
Israel,NEAR EAST                          ,2010,Male,343.0,60.5,39.5,23.7,79.5,5.35,13.8,882.0,63.2,34.7,448.0,138.0,602.0,177.0
Italy,WESTERN EUROPE                     ,2010,Male,203.0,76.2,23.8,20.5,79.3,4.12,12.6,2470.0,54.5,56.0,455.0,166.0,4620.0,548.0
Jamaica,LATIN AMER. & CARIB    ,2010,Male,260.0,48.8,51.2,24.7,72.4,6.23,11.7,1170.0,69.7,41.3,390.0,167.0,74.3,680.0
Japan,ASIA (EX. NEAR EAST)         ,2010,Male,353.0,81.6,18.4,14.6,79.6,3.08,14.2,1080.0,68.2,46.6,363.0,130.0,31700.0,893.0
Jordan,NEAR EAST                          ,2010,Male,80.9,52.8,47.3,21.9,71.9,3.83,11.7,979.0,60.3,36.9,421.0,215.0,169.0,230.0
Kazakhstan,C.W. OF IND. STATES ,2010,Male,6.07,61.9,38.1,27.7,62.5,3.07,11.7,1170.0,72.1,35.3,497.0,311.0,5210.0,2280.0
Kenya,SUB-SAHARAN AFRICA                 ,2010,Male,72.7,42.2,57.8,30.2,61.0,4.88,8.41,906.0,64.4,54.1,508.0,306.0,1770.0,3150.0
Kiribati,OCEANIA                            ,2010,Male,127.0,94.1,5.93,0.123,62.2,6.1,9.11,560.0,0.0,37.0,421.0,332.0,24.3,3.51
Kuwait,NEAR EAST                          ,2010,Male,168.0,79.8,20.2,13.9,73.2,3.19,11.1,1180.0,83.4,40.0,500.0,154.0,88.8,38.3
Lao,ASIA (EX. NEAR EAST)         ,2010,Male,27.1,12.8,87.2,36.0,62.9,1.49,6.76,867.0,78.7,32.6,419.0,409.0,629.0,41.0
Latvia,BALTICS                            ,2010,Male,34.1,57.1,42.9,37.2,67.4,4.38,11.1,768.0,50.5,45.0,405.0,319.0,554.0,181.0
Lebanon,NEAR EAST                          ,2010,Male,424.0,45.6,54.4,43.6,76.7,1.46,9.92,1100.0,64.4,47.6,448.0,201.0,111.0,135.0
Lesotho,SUB-SAHARAN AFRICA                 ,2010,Male,67.2,53.4,46.6,22.1,48.9,9.73,7.7,397.0,58.6,56.0,407.0,361.0,518.0,694.0
Liberia,SUB-SAHARAN AFRICA                 ,2010,Male,41.0,30.6,69.3,51.0,58.7,3.66,5.88,799.0,58.0,36.5,429.0,392.0,313.0,101.0
Libya,NORTHERN AFRICA                    ,2010,Male,3.51,61.8,38.2,30.0,69.1,2.14,8.92,1050.0,64.7,40.0,405.0,237.0,264.0,119.0
Lithuania,BALTICS                            ,2010,Male,49.8,67.8,32.2,27.6,67.2,5.26,10.9,1300.0,49.1,44.6,459.0,294.0,1290.0,269.0
Luxembourg,WESTERN EUROPE                     ,2010,Male,196.0,84.9,15.1,10.2,77.8,4.92,11.3,1460.0,62.9,33.8,357.0,180.0,60.4,5.56
Madagascar,SUB-SAHARAN AFRICA                 ,2010,Male,36.4,66.4,33.6,36.5,61.9,2.6,5.31,574.0,87.7,38.8,437.0,383.0,1170.0,443.0
Malawi,SUB-SAHARAN AFRICA                 ,2010,Male,161.0,73.9,26.1,10.9,55.1,4.11,6.27,351.0,77.5,44.8,440.0,389.0,906.0,443.0
Malaysia,ASIA (EX. NEAR EAST)         ,2010,Male,85.6,52.0,48.0,34.5,72.1,4.99,11.4,1000.0,73.8,20.0,436.0,220.0,1960.0,627.0
Maldives,ASIA (EX. NEAR EAST)         ,2010,Male,1220.0,64.3,35.7,40.1,75.1,4.62,7.93,845.0,75.3,41.3,444.0,290.0,10.9,3.6
Mali,SUB-SAHARAN AFRICA                 ,2010,Male,12.4,46.5,53.5,69.2,54.6,3.78,3.35,604.0,75.6,49.2,494.0,433.0,438.0,357.0
Malta,WESTERN EUROPE                     ,2010,Male,1300.0,68.6,31.3,33.0,78.1,6.54,9.99,784.0,62.0,28.0,443.0,129.0,24.3,5.4
Marshall Islands,OCEANIA                            ,2010,Male,291.0,82.8,17.2,11.4,0.0,6.51,8.64,545.0,0.0,40.0,134.0,302.0,10.6,4.0
Mauritania,SUB-SAHARAN AFRICA                 ,2010,Male,3.5,62.7,37.3,64.3,60.5,3.19,5.77,529.0,63.1,40.3,417.0,310.0,106.0,72.3
Mauritius,SUB-SAHARAN AFRICA                 ,2010,Male,615.0,47.7,52.3,52.3,70.0,3.38,10.1,943.0,70.7,38.6,428.0,292.0,121.0,39.2
Mexico,LATIN AMER. & CARIB    ,2010,Male,60.4,45.0,55.0,43.4,73.7,5.01,10.1,1380.0,75.8,35.9,487.0,269.0,6670.0,20700.0
"Micronesia, Fed. Sts.",OCEANIA                            ,2010,Male,148.0,93.4,6.61,3.27,67.7,23.6,12.9,524.0,0.0,42.4,395.0,222.0,18.4,6.52
Moldova,C.W. OF IND. STATES ,2010,Male,124.0,45.6,54.4,40.4,65.6,7.72,11.5,623.0,41.3,43.4,382.0,319.0,829.0,338.0
Monaco,WESTERN EUROPE                     ,2010,Male,24900.0,88.2,11.8,5.38,0.0,1.3,0.0,2000.0,0.0,40.0,9.7,0.0,0.0,0.0
Mongolia,ASIA (EX. NEAR EAST)         ,2010,Male,1.75,78.9,21.1,31.3,63.5,4.36,9.13,594.0,60.5,32.0,420.0,263.0,593.0,293.0
Morocco,NORTHERN AFRICA                    ,2010,Male,72.6,28.4,71.6,55.6,72.6,5.2,6.62,716.0,68.9,55.6,403.0,281.0,1810.0,374.0
Mozambique,SUB-SAHARAN AFRICA                 ,2010,Male,30.8,74.5,25.5,8.36,52.7,4.68,4.29,395.0,63.1,52.1,440.0,465.0,1530.0,1720.0
Namibia,SUB-SAHARAN AFRICA                 ,2010,Male,2.64,48.9,51.1,9.53,56.1,8.34,8.08,542.0,51.1,51.4,412.0,339.0,230.0,392.0
Nauru,OCEANIA                            ,2010,Male,501.0,75.7,24.3,2.33,0.0,0.0,0.0,555.0,0.0,40.0,71.1,0.0,0.0,0.0
Nepal,ASIA (EX. NEAR EAST)         ,2010,Male,189.0,31.4,68.6,56.2,66.5,3.14,7.3,656.0,84.9,25.8,407.0,425.0,2960.0,605.0
Netherlands,WESTERN EUROPE                     ,2010,Male,495.0,60.5,31.4,9.82,78.7,4.88,12.8,3640.0,68.2,51.7,324.0,137.0,1890.0,163.0
New Zealand,OCEANIA                            ,2010,Male,16.6,79.7,20.3,12.0,78.9,6.97,13.7,660.0,69.4,38.2,391.0,167.0,524.0,59.4
Nicaragua,LATIN AMER. & CARIB    ,2010,Male,47.7,56.5,43.5,44.5,70.6,4.1,7.4,976.0,76.9,39.4,509.0,297.0,409.0,581.0
Niger,SUB-SAHARAN AFRICA                 ,2010,Male,13.0,50.0,50.0,57.7,56.1,3.4,3.2,447.0,89.9,34.9,433.0,427.0,578.0,370.0
Nigeria,SUB-SAHARAN AFRICA                 ,2010,Male,174.0,29.2,70.8,77.7,50.1,0.85,8.63,881.0,58.2,53.3,438.0,421.0,5700.0,1130.0
North Korea,ASIA (EX. NEAR EAST)         ,2010,Male,204.0,0.0,0.0,0.0,66.0,0.0,12.7,567.0,82.6,37.0,500.0,233.0,3110.0,728.0
Norway,WESTERN EUROPE                     ,2010,Male,13.4,83.5,16.4,15.0,79.0,6.1,13.5,1320.0,66.8,35.0,319.0,147.0,593.0,43.1
Oman,NEAR EAST                          ,2010,Male,9.83,82.3,17.6,10.4,73.9,4.63,9.57,918.0,78.6,40.0,414.0,277.0,81.9,16.3
Pakistan,ASIA (EX. NEAR EAST)         ,2010,Male,221.0,25.6,74.4,70.4,64.3,1.51,7.09,1020.0,79.5,24.5,502.0,243.0,6700.0,9030.0
Palau,OCEANIA                            ,2010,Male,44.5,79.4,20.6,16.8,0.0,0.0,0.0,841.0,0.0,40.0,41.6,0.0,0.0,0.0
Panama,LATIN AMER. & CARIB    ,2010,Male,49.0,69.6,30.4,28.4,73.9,2.83,10.5,850.0,78.2,40.1,406.0,183.0,221.0,606.0
Papua New Guinea,OCEANIA                            ,2010,Male,15.7,79.7,20.3,12.3,62.3,6.9,7.68,548.0,71.0,28.4,424.0,403.0,967.0,533.0
Paraguay,LATIN AMER. & CARIB    ,2010,Male,15.6,38.0,62.0,45.9,70.2,3.79,8.49,837.0,80.7,40.8,374.0,204.0,359.0,838.0
Peru,LATIN AMER. & CARIB    ,2010,Male,22.9,59.4,40.6,39.6,71.0,2.44,10.8,1210.0,83.5,52.7,372.0,245.0,970.0,1060.0
Philippines,ASIA (EX. NEAR EAST)         ,2010,Male,314.0,39.2,60.8,54.8,65.1,1.84,9.79,964.0,73.5,28.5,432.0,291.0,5020.0,13100.0
Poland,EASTERN EUROPE                     ,2010,Male,125.0,69.3,30.6,23.7,72.1,4.99,12.3,1300.0,58.3,29.5,369.0,253.0,7520.0,856.0
Portugal,WESTERN EUROPE                     ,2010,Male,116.0,67.1,32.9,24.6,76.7,5.45,9.64,1690.0,60.4,57.4,373.0,194.0,1430.0,173.0
Qatar,NEAR EAST                          ,2010,Male,153.0,81.3,18.7,18.7,76.4,2.06,8.17,1180.0,95.7,40.0,433.0,110.0,110.0,20.7
Romania,EASTERN EUROPE                     ,2010,Male,88.8,80.8,19.1,19.6,70.5,3.18,11.8,817.0,59.4,40.5,372.0,212.0,2710.0,556.0
Russia,C.W. OF IND. STATES ,2010,Male,8.74,62.0,38.0,35.3,62.9,3.55,12.3,1460.0,65.2,52.6,419.0,362.0,55200.0,28000.0
Rwanda,SUB-SAHARAN AFRICA                 ,2010,Male,415.0,56.4,43.6,10.9,61.3,4.18,5.27,442.0,85.5,42.5,420.0,396.0,615.0,431.0
Samoa,OCEANIA                            ,2010,Male,65.8,81.3,18.7,12.6,70.2,4.24,12.3,1400.0,38.6,42.1,410.0,371.0,21.0,7.85
San Marino,WESTERN EUROPE                     ,2010,Male,519.0,85.7,14.3,17.7,0.0,3.55,0.0,1450.0,0.0,40.0,15.3,0.0,0.0,0.0
Sao Tome and Principe,SUB-SAHARAN AFRICA                 ,2010,Male,182.0,52.9,47.1,21.0,63.9,7.66,6.8,881.0,68.0,32.1,412.0,275.0,3.0,8.52
Saudi Arabia,NEAR EAST                          ,2010,Male,12.8,72.8,27.2,18.9,72.3,7.19,11.2,857.0,71.8,40.0,416.0,235.0,898.0,116.0
Senegal,SUB-SAHARAN AFRICA                 ,2010,Male,67.1,55.3,44.7,50.2,62.5,5.19,4.73,499.0,64.1,53.7,512.0,362.0,848.0,171.0
Serbia,EASTERN EUROPE                     ,2010,Male,103.0,66.0,34.0,36.4,71.2,4.58,10.6,1360.0,48.4,33.7,374.0,195.0,1780.0,269.0
Seychelles,SUB-SAHARAN AFRICA                 ,2010,Male,199.0,93.2,6.8,4.1,68.3,3.63,10.2,853.0,0.0,41.3,374.0,253.0,7.94,6.56
Sierra Leone,SUB-SAHARAN AFRICA                 ,2010,Male,89.5,12.6,87.4,64.0,47.6,2.5,5.36,736.0,58.6,41.2,514.0,451.0,285.0,90.9
Singapore,ASIA (EX. NEAR EAST)         ,2010,Male,7250.0,30.4,69.6,41.1,79.5,2.94,12.5,1020.0,74.8,47.0,442.0,182.0,393.0,20.7
Slovenia,EASTERN EUROPE                     ,2010,Male,102.0,72.2,27.9,12.6,76.2,5.26,11.2,1410.0,60.6,21.9,361.0,257.0,476.0,25.4
Solomon Islands,OCEANIA                            ,2010,Male,18.9,94.1,5.91,4.57,67.3,9.94,8.68,364.0,79.7,46.1,505.0,298.0,84.1,32.5
Somalia,SUB-SAHARAN AFRICA                 ,2010,Male,19.2,44.6,55.4,0.0,52.4,0.991,3.6,706.0,70.6,50.9,452.0,431.0,435.0,708.0
South Africa,SUB-SAHARAN AFRICA                 ,2010,Male,42.5,38.3,61.7,8.51,53.0,5.55,10.1,1480.0,46.6,35.2,398.0,401.0,7470.0,20100.0
South Korea,ASIA (EX. NEAR EAST)         ,2010,Male,510.0,52.9,47.1,34.6,77.0,4.04,13.4,564.0,69.3,32.0,503.0,307.0,16000.0,917.0
South Sudan,SUB-SAHARAN AFRICA                 ,2010,Male,16.5,0.0,0.0,0.0,52.7,1.15,2.68,509.0,67.4,45.0,490.0,493.0,333.0,570.0
Spain,WESTERN EUROPE                     ,2010,Male,93.8,70.6,29.4,20.7,78.9,4.41,11.9,1520.0,54.1,32.2,451.0,145.0,3780.0,381.0
Sri Lanka,ASIA (EX. NEAR EAST)         ,2010,Male,322.0,48.1,51.9,53.3,70.9,1.7,10.7,900.0,73.6,37.2,410.0,224.0,4860.0,1010.0
Suriname,LATIN AMER. & CARIB    ,2010,Male,3.37,51.2,48.8,21.4,67.2,3.44,8.69,1640.0,62.4,45.6,406.0,253.0,129.0,49.3
Swaziland,SUB-SAHARAN AFRICA                 ,2010,Male,69.9,61.4,38.6,0.0,48.9,0.0,8.49,491.0,48.2,60.5,414.0,0.0,180.0,233.0
Sweden,WESTERN EUROPE                     ,2010,Male,22.9,81.2,18.8,16.9,79.5,6.11,13.6,1450.0,61.6,39.3,261.0,142.0,1380.0,110.0
Switzerland,WESTERN EUROPE                     ,2010,Male,198.0,59.5,40.5,29.1,79.9,4.3,10.8,2710.0,71.0,38.8,345.0,145.0,1320.0,66.2
Syria,NEAR EAST                          ,2010,Male,114.0,50.5,49.5,54.0,68.1,2.6,9.14,1080.0,68.3,46.6,429.0,207.0,413.0,472.0
Tajikistan,C.W. OF IND. STATES ,2010,Male,54.6,23.6,76.3,70.4,67.0,3.58,11.2,560.0,63.0,36.4,365.0,181.0,348.0,194.0
Tanzania,SUB-SAHARAN AFRICA                 ,2010,Male,52.0,47.0,53.0,31.9,59.2,3.73,7.04,564.0,82.6,27.9,415.0,382.0,2490.0,3660.0
Thailand,ASIA (EX. NEAR EAST)         ,2010,Male,132.0,64.4,35.6,14.5,70.4,3.54,10.2,934.0,80.3,46.0,438.0,284.0,8380.0,4740.0
Togo,SUB-SAHARAN AFRICA                 ,2010,Male,120.0,29.5,70.5,62.6,56.8,4.54,7.04,684.0,78.6,43.6,427.0,334.0,540.0,221.0
Tonga,OCEANIA                            ,2010,Male,145.0,87.1,12.9,11.5,69.3,2.93,10.3,664.0,74.4,37.7,381.0,220.0,6.98,2.98
Trinidad and Tobago,LATIN AMER. & CARIB    ,2010,Male,259.0,52.9,47.1,46.6,66.4,2.87,12.5,1230.0,71.5,45.5,406.0,253.0,176.0,339.0
Tunisia,NORTHERN AFRICA                    ,2010,Male,68.5,51.5,48.5,42.1,72.7,5.86,10.7,717.0,62.1,74.4,460.0,244.0,417.0,110.0
Turkey,NEAR EAST                          ,2010,Male,94.0,67.8,32.2,16.9,70.8,3.49,9.84,1220.0,62.4,54.0,380.0,259.0,2220.0,1560.0
Turkmenistan,C.W. OF IND. STATES ,2010,Male,10.8,63.3,36.7,71.0,63.2,2.32,12.4,964.0,73.2,35.0,493.0,297.0,484.0,269.0
Tuvalu,OCEANIA                            ,2010,Male,351.0,99.9,0.11,0.645,0.0,0.0,0.0,721.0,0.0,39.1,83.4,0.0,0.0,0.0
Uganda,SUB-SAHARAN AFRICA                 ,2010,Male,170.0,25.3,74.7,33.1,55.3,2.1,7.11,465.0,73.5,43.6,511.0,393.0,3070.0,2150.0
Ukraine,C.W. OF IND. STATES ,2010,Male,79.0,59.5,40.5,40.8,64.1,6.05,12.4,780.0,57.1,39.7,361.0,297.0,11800.0,4120.0
United Arab Emirates,NEAR EAST                          ,2010,Male,98.9,59.0,41.0,17.9,75.7,0.0,11.2,1070.0,90.8,40.0,434.0,190.0,399.0,122.0
United Kingdom,WESTERN EUROPE                     ,2010,Male,262.0,81.9,18.1,9.82,78.3,5.5,13.4,3190.0,62.7,58.4,315.0,162.0,5600.0,439.0
United States,NORTHERN AMERICA                   ,2010,Male,33.7,44.1,55.9,12.2,76.1,4.84,12.8,2250.0,62.6,51.7,329.0,195.0,42300.0,17500.0
Uruguay,LATIN AMER. & CARIB    ,2010,Male,19.3,50.7,49.3,20.5,72.9,4.0,9.82,1760.0,72.7,54.7,406.0,206.0,629.0,168.0
Uzbekistan,C.W. OF IND. STATES ,2010,Male,67.2,43.3,56.7,46.5,67.2,9.37,11.4,504.0,69.4,33.9,381.0,245.0,3110.0,1000.0
Vanuatu,OCEANIA                            ,2010,Male,19.4,72.9,27.1,8.85,68.8,4.98,8.6,587.0,75.7,37.6,381.0,307.0,36.5,3.31
Venezuela,LATIN AMER. & CARIB    ,2010,Male,32.9,43.3,56.7,42.9,69.6,6.54,9.81,684.0,73.1,62.8,415.0,234.0,2610.0,11500.0
Vietnam,ASIA (EX. NEAR EAST)         ,2010,Male,285.0,26.4,73.6,37.4,70.2,5.36,9.2,863.0,79.5,34.2,417.0,239.0,7430.0,1850.0
Yemen,NEAR EAST                          ,2010,Male,44.7,33.9,66.1,74.0,62.2,3.6,7.37,925.0,60.2,50.2,540.0,364.0,1110.0,745.0
Zambia,SUB-SAHARAN AFRICA                 ,2010,Male,18.6,54.9,45.1,24.5,54.6,1.06,7.64,694.0,71.8,54.5,410.0,398.0,1170.0,1330.0
Zimbabwe,SUB-SAHARAN AFRICA                 ,2010,Male,36.4,38.4,61.6,36.5,51.7,1.91,9.86,889.0,84.2,27.5,396.0,292.0,2000.0,1410.0
Afghanistan,ASIA (EX. NEAR EAST)         ,2010,Female,44.1,11.6,88.5,79.0,62.5,2.82,1.82,604.0,0.0,30.5,471.0,0.0,1760.0,4940.0
Albania,EASTERN EUROPE                     ,2010,Female,107.0,40.2,59.8,48.0,79.2,3.11,10.9,669.0,0.0,38.9,375.0,0.0,195.0,68.4
Algeria,NORTHERN AFRICA                    ,2010,Female,15.2,72.1,27.9,28.9,75.9,4.47,9.45,734.0,0.0,56.4,460.0,0.0,1290.0,447.0
Andorra,WESTERN EUROPE                     ,2010,Female,180.0,69.1,30.9,45.4,0.0,3.01,15.5,1240.0,0.0,40.0,12.9,0.0,7.76,0.54
Angola,SUB-SAHARAN AFRICA                 ,2010,Female,18.7,74.5,25.5,19.3,60.9,3.57,5.3,671.0,0.0,56.9,486.0,0.0,1100.0,978.0
Antigua and Barbuda,LATIN AMER. & CARIB    ,2010,Female,215.0,63.1,36.9,24.3,77.8,2.25,14.3,759.0,0.0,40.0,403.0,0.0,2.07,4.93
Argentina,LATIN AMER. & CARIB    ,2010,Female,15.1,54.2,45.8,19.7,79.4,4.52,12.1,1510.0,0.0,47.3,402.0,0.0,4650.0,2390.0
Armenia,C.W. OF IND. STATES ,2010,Female,101.0,30.4,69.6,62.1,76.4,2.85,11.5,515.0,0.0,31.5,362.0,0.0,232.0,128.0
Australia,OCEANIA                            ,2010,Female,2.88,66.9,33.1,19.7,84.1,5.08,14.4,851.0,0.0,38.7,391.0,0.0,2630.0,308.0
Austria,WESTERN EUROPE                     ,2010,Female,102.0,76.1,23.9,18.6,83.2,5.4,11.6,1990.0,0.0,33.0,299.0,0.0,1470.0,73.6
Azerbaijan,C.W. OF IND. STATES ,2010,Female,109.0,11.3,88.7,75.1,74.1,2.9,11.8,778.0,0.0,70.5,369.0,0.0,400.0,351.0
Bahamas,LATIN AMER. & CARIB    ,2010,Female,36.0,44.3,55.7,28.4,77.7,3.84,13.0,1450.0,0.0,40.0,396.0,0.0,11.3,81.5
Bahrain,NEAR EAST                          ,2010,Female,1630.0,69.0,31.0,28.5,77.1,2.73,10.4,1340.0,0.0,40.0,440.0,0.0,89.3,23.3
Bangladesh,ASIA (EX. NEAR EAST)         ,2010,Female,1170.0,34.9,65.1,67.2,71.5,1.78,6.25,875.0,0.0,28.0,508.0,0.0,12200.0,4390.0
Barbados,LATIN AMER. & CARIB    ,2010,Female,650.0,64.4,35.6,38.1,77.3,5.78,11.8,916.0,0.0,40.0,504.0,0.0,15.1,28.8
Belarus,C.W. OF IND. STATES ,2010,Female,46.7,72.9,27.1,29.2,76.5,4.95,12.3,614.0,0.0,55.5,366.0,0.0,3450.0,909.0
Belgium,WESTERN EUROPE                     ,2010,Female,361.0,75.9,24.1,17.6,82.7,6.1,13.3,2420.0,0.0,41.5,320.0,0.0,2310.0,163.0
Belize,LATIN AMER. & CARIB    ,2010,Female,14.1,59.7,40.3,24.0,72.5,6.47,9.62,580.0,0.0,60.3,405.0,0.0,20.8,67.2
Benin,SUB-SAHARAN AFRICA                 ,2010,Female,81.6,49.7,50.3,45.1,60.7,4.79,3.76,598.0,0.0,40.7,430.0,0.0,698.0,271.0
Bhutan,ASIA (EX. NEAR EAST)         ,2010,Female,19.1,76.0,24.0,16.5,67.9,3.05,3.71,631.0,0.0,40.9,456.0,0.0,44.8,10.5
Bolivia,LATIN AMER. & CARIB    ,2010,Female,9.16,66.2,33.8,31.9,68.8,7.21,9.82,856.0,0.0,39.2,405.0,0.0,641.0,636.0
Bosnia and Herzegovina,EASTERN EUROPE                     ,2010,Female,73.0,55.0,45.0,30.1,78.4,0.0,10.3,670.0,0.0,30.0,379.0,0.0,300.0,123.0
Botswana,SUB-SAHARAN AFRICA                 ,2010,Female,3.56,74.3,25.7,5.15,62.5,9.48,9.61,398.0,0.0,47.0,397.0,0.0,320.0,297.0
Brazil,LATIN AMER. & CARIB    ,2010,Female,23.5,40.1,59.9,43.8,77.6,5.39,8.78,1110.0,0.0,37.7,417.0,0.0,12700.0,57500.0
Brunei,ASIA (EX. NEAR EAST)         ,2010,Female,73.7,84.2,15.8,8.26,78.4,2.03,15.0,1520.0,0.0,40.0,455.0,0.0,16.9,4.89
Bulgaria,EASTERN EUROPE                     ,2010,Female,68.2,60.9,39.1,43.1,77.3,3.98,11.1,1090.0,0.0,38.9,360.0,0.0,1120.0,222.0
Burkina Faso,SUB-SAHARAN AFRICA                 ,2010,Female,57.0,59.5,40.5,30.2,57.6,3.23,2.35,481.0,0.0,38.1,455.0,0.0,906.0,144.0
Burundi,SUB-SAHARAN AFRICA                 ,2010,Female,341.0,34.8,65.2,28.2,56.7,6.36,4.31,425.0,0.0,35.1,424.0,0.0,713.0,93.1
Cambodia,ASIA (EX. NEAR EAST)         ,2010,Female,81.1,20.5,79.5,51.9,68.6,1.61,6.2,906.0,0.0,42.0,380.0,0.0,825.0,595.0
Cameroon,SUB-SAHARAN AFRICA                 ,2010,Female,42.2,23.6,76.4,71.7,56.6,2.96,7.23,628.0,0.0,41.7,460.0,0.0,1820.0,741.0
Canada,NORTHERN AMERICA                   ,2010,Female,3.76,70.2,29.8,15.4,83.4,5.0,14.0,1480.0,0.0,44.3,333.0,0.0,4340.0,555.0
Cape Verde,SUB-SAHARAN AFRICA                 ,2010,Female,125.0,77.3,22.7,28.1,73.6,4.91,7.66,531.0,0.0,52.5,395.0,0.0,77.6,75.8
Central African Republic,SUB-SAHARAN AFRICA                 ,2010,Female,7.14,35.3,64.7,46.4,49.1,1.15,4.35,425.0,0.0,57.6,444.0,0.0,406.0,297.0
Chad,SUB-SAHARAN AFRICA                 ,2010,Female,9.44,41.1,58.9,67.6,51.2,1.48,2.29,419.0,0.0,28.2,432.0,0.0,581.0,346.0
Chile,LATIN AMER. & CARIB    ,2010,Female,22.9,40.0,60.0,34.5,81.0,4.23,12.7,1030.0,0.0,48.9,417.0,0.0,2120.0,789.0
China,ASIA (EX. NEAR EAST)         ,2010,Female,145.0,38.8,61.2,40.8,76.8,1.79,10.5,985.0,0.0,36.8,417.0,0.0,151000.0,23400.0
Colombia,LATIN AMER. & CARIB    ,2010,Female,41.4,70.0,29.9,20.9,77.0,3.9,10.3,965.0,0.0,59.1,417.0,0.0,2890.0,18000.0
Comoros,SUB-SAHARAN AFRICA                 ,2010,Female,371.0,61.0,39.0,78.7,63.5,4.1,6.37,710.0,0.0,34.1,416.0,0.0,31.7,47.8
"Congo, Dem. Rep.",SUB-SAHARAN AFRICA                 ,2010,Female,28.5,30.0,70.0,37.0,58.3,1.52,5.84,524.0,0.0,40.4,423.0,0.0,3600.0,2530.0
"Congo, Rep.",SUB-SAHARAN AFRICA                 ,2010,Female,12.8,59.5,40.5,42.2,61.9,2.52,7.89,606.0,0.0,56.3,409.0,0.0,251.0,182.0
Costa Rica,LATIN AMER. & CARIB    ,2010,Female,89.0,70.3,29.7,25.4,81.2,6.42,10.3,777.0,0.0,42.1,441.0,0.0,325.0,367.0
Cote d'Ivoire,SUB-SAHARAN AFRICA                 ,2010,Female,64.2,19.8,80.2,58.1,51.6,4.4,4.18,876.0,0.0,40.3,428.0,0.0,1680.0,420.0
Croatia,EASTERN EUROPE                     ,2010,Female,77.3,86.0,14.0,14.0,80.0,4.08,10.3,1340.0,0.0,16.3,367.0,0.0,868.0,73.9
Cuba,LATIN AMER. & CARIB    ,2010,Female,106.0,93.5,6.54,9.18,81.1,13.0,12.6,1080.0,0.0,40.0,380.0,0.0,1670.0,620.0
Cyprus,NEAR EAST                          ,2010,Female,120.0,41.8,58.2,41.0,81.6,6.22,13.6,856.0,0.0,30.1,339.0,0.0,46.7,17.6
Czech Republic,EASTERN EUROPE                     ,2010,Female,136.0,87.3,12.7,15.3,80.7,3.93,12.3,1920.0,0.0,23.1,380.0,0.0,1710.0,161.0
Denmark,WESTERN EUROPE                     ,2010,Female,131.0,84.5,15.5,14.4,81.5,7.94,12.8,2080.0,0.0,37.1,357.0,0.0,755.0,55.5
Djibouti,SUB-SAHARAN AFRICA                 ,2010,Female,36.7,68.4,31.6,29.0,61.9,7.43,5.29,799.0,0.0,36.5,445.0,0.0,34.5,66.9
Dominica,LATIN AMER. & CARIB    ,2010,Female,95.3,62.1,37.9,36.4,0.0,5.0,13.0,665.0,0.0,40.0,139.0,0.0,2.91,6.54
Dominican Republic,LATIN AMER. & CARIB    ,2010,Female,205.0,31.6,68.4,43.9,76.0,1.91,10.4,669.0,0.0,39.9,445.0,0.0,507.0,1360.0
Ecuador,LATIN AMER. & CARIB    ,2010,Female,60.1,22.3,77.7,47.5,77.9,3.88,10.3,530.0,0.0,41.9,406.0,0.0,1240.0,2470.0
Egypt,NORTHERN AFRICA                    ,2010,Female,84.5,40.6,59.4,62.6,72.6,4.41,9.12,793.0,0.0,34.1,405.0,0.0,2840.0,611.0
El Salvador,LATIN AMER. & CARIB    ,2010,Female,298.0,52.6,47.4,33.6,76.4,3.16,8.96,977.0,0.0,41.2,462.0,0.0,582.0,3680.0
Equatorial Guinea,SUB-SAHARAN AFRICA                 ,2010,Female,33.9,58.8,41.2,68.8,57.3,1.0,7.03,365.0,0.0,40.0,447.0,0.0,42.8,28.3
Eritrea,SUB-SAHARAN AFRICA                 ,2010,Female,43.5,46.0,54.0,52.7,64.3,1.72,5.15,534.0,0.0,40.0,441.0,0.0,295.0,382.0
Estonia,BALTICS                            ,2010,Female,31.4,77.0,23.0,21.9,80.2,5.43,10.7,959.0,0.0,47.8,362.0,0.0,277.0,86.8
Ethiopia,SUB-SAHARAN AFRICA                 ,2010,Female,87.7,60.9,39.1,42.3,63.3,2.96,5.22,524.0,0.0,47.7,448.0,0.0,5940.0,8700.0
Fiji,OCEANIA                            ,2010,Female,47.1,81.4,18.6,22.4,72.4,4.64,11.7,787.0,0.0,35.3,499.0,0.0,97.0,42.3
Finland,WESTERN EUROPE                     ,2010,Female,17.7,75.4,24.6,20.0,83.3,6.07,12.6,1290.0,0.0,47.1,355.0,0.0,1090.0,107.0
France,WESTERN EUROPE                     ,2010,Female,115.0,78.8,21.2,10.1,84.7,5.1,12.6,1870.0,0.0,73.1,285.0,0.0,12900.0,659.0
Gabon,SUB-SAHARAN AFRICA                 ,2010,Female,6.37,42.3,57.7,25.5,63.8,3.06,9.3,391.0,0.0,46.3,436.0,0.0,115.0,75.8
Gambia,SUB-SAHARAN AFRICA                 ,2010,Female,167.0,55.0,45.0,21.0,61.0,2.46,4.62,822.0,0.0,39.6,460.0,0.0,55.8,21.5
Georgia,C.W. OF IND. STATES ,2010,Female,60.9,19.2,80.8,72.7,76.7,1.91,12.7,544.0,0.0,26.9,381.0,0.0,300.0,167.0
Germany,WESTERN EUROPE                     ,2010,Female,232.0,76.6,23.4,13.9,82.7,4.68,12.7,1870.0,0.0,50.5,340.0,0.0,12000.0,733.0
Ghana,SUB-SAHARAN AFRICA                 ,2010,Female,108.0,66.3,33.6,33.4,61.8,4.68,7.38,706.0,0.0,46.7,471.0,0.0,1230.0,974.0
Greece,WESTERN EUROPE                     ,2010,Female,88.8,60.1,39.9,28.1,83.1,3.1,13.0,1420.0,0.0,51.6,361.0,0.0,485.0,133.0
Grenada,LATIN AMER. & CARIB    ,2010,Female,308.0,47.8,52.3,52.5,75.0,3.75,11.8,961.0,0.0,40.0,408.0,0.0,7.46,7.62
Guatemala,LATIN AMER. & CARIB    ,2010,Female,137.0,33.8,66.2,59.6,74.7,2.88,6.82,860.0,0.0,37.4,503.0,0.0,1030.0,5840.0
Guinea,SUB-SAHARAN AFRICA                 ,2010,Female,43.9,11.3,88.7,65.0,57.5,3.67,2.87,451.0,0.0,34.4,448.0,0.0,562.0,324.0
Guinea-Bissau,SUB-SAHARAN AFRICA                 ,2010,Female,55.3,15.9,84.1,44.7,56.6,1.38,2.85,779.0,0.0,49.5,417.0,0.0,118.0,111.0
Guyana,LATIN AMER. & CARIB    ,2010,Female,3.79,65.4,34.6,42.6,68.4,3.38,10.7,1220.0,0.0,39.5,429.0,0.0,232.0,149.0
Haiti,LATIN AMER. & CARIB    ,2010,Female,363.0,21.3,78.7,33.3,63.4,1.46,6.98,635.0,0.0,47.5,486.0,0.0,865.0,693.0
Honduras,LATIN AMER. & CARIB    ,2010,Female,73.2,64.8,35.2,46.8,74.9,5.77,8.43,676.0,0.0,58.5,393.0,0.0,260.0,2540.0
Hungary,EASTERN EUROPE                     ,2010,Female,110.0,72.3,27.7,27.4,78.4,4.55,12.5,1250.0,0.0,35.8,368.0,0.0,2570.0,220.0
Iceland,WESTERN EUROPE                     ,2010,Female,3.2,81.7,18.3,18.2,83.5,8.06,11.2,929.0,0.0,25.8,412.0,0.0,38.5,2.43
India,ASIA (EX. NEAR EAST)         ,2010,Female,414.0,23.9,76.1,65.2,67.8,3.08,6.54,1050.0,0.0,32.3,509.0,0.0,217000.0,47200.0
Indonesia,ASIA (EX. NEAR EAST)         ,2010,Female,134.0,38.1,61.9,57.0,70.3,2.55,9.55,997.0,0.0,40.5,444.0,0.0,8420.0,4540.0
Iran,ASIA (EX. NEAR EAST)         ,2010,Female,45.8,44.2,55.8,59.4,75.5,4.11,11.0,979.0,0.0,59.4,506.0,0.0,4930.0,1810.0
Iraq,NEAR EAST                          ,2010,Female,70.8,67.3,32.6,26.1,71.2,4.6,6.93,972.0,0.0,42.1,428.0,0.0,2340.0,2510.0
Ireland,WESTERN EUROPE                     ,2010,Female,67.2,77.0,23.0,13.8,82.5,6.65,13.9,1450.0,0.0,38.2,348.0,0.0,528.0,40.5
Israel,NEAR EAST                          ,2010,Female,343.0,60.5,39.5,23.7,83.3,5.35,14.5,882.0,0.0,34.7,448.0,0.0,602.0,177.0
Italy,WESTERN EUROPE                     ,2010,Female,203.0,76.2,23.8,20.5,84.4,4.12,13.3,2470.0,0.0,56.0,455.0,0.0,4620.0,548.0
Jamaica,LATIN AMER. & CARIB    ,2010,Female,260.0,48.8,51.2,24.7,77.4,6.23,12.6,1170.0,0.0,41.3,390.0,0.0,74.3,680.0
Japan,ASIA (EX. NEAR EAST)         ,2010,Female,353.0,81.6,18.4,14.6,86.2,3.08,14.8,1080.0,0.0,46.6,363.0,0.0,31700.0,893.0
Jordan,NEAR EAST                          ,2010,Female,80.9,52.8,47.3,21.9,75.1,3.83,12.0,979.0,0.0,36.9,421.0,0.0,169.0,230.0
Kazakhstan,C.W. OF IND. STATES ,2010,Female,6.07,61.9,38.1,27.7,72.9,3.07,12.3,1170.0,0.0,35.3,497.0,0.0,5210.0,2280.0
Kenya,SUB-SAHARAN AFRICA                 ,2010,Female,72.7,42.2,57.8,30.2,64.9,4.88,8.51,906.0,0.0,54.1,508.0,0.0,1770.0,3150.0
Kiribati,OCEANIA                            ,2010,Female,127.0,94.1,5.93,0.123,68.5,6.1,10.1,560.0,0.0,37.0,421.0,0.0,24.3,3.51
Kuwait,NEAR EAST                          ,2010,Female,168.0,79.8,20.2,13.9,75.1,3.19,11.7,1180.0,0.0,40.0,500.0,0.0,88.8,38.3
Lao,ASIA (EX. NEAR EAST)         ,2010,Female,27.1,12.8,87.2,36.0,65.7,1.49,6.21,867.0,0.0,32.6,419.0,0.0,629.0,41.0
Latvia,BALTICS                            ,2010,Female,34.1,57.1,42.9,37.2,77.8,4.38,11.9,768.0,0.0,45.0,405.0,0.0,554.0,181.0
Lebanon,NEAR EAST                          ,2010,Female,424.0,45.6,54.4,43.6,80.4,1.46,10.9,1100.0,0.0,47.6,448.0,0.0,111.0,135.0
Lesotho,SUB-SAHARAN AFRICA                 ,2010,Female,67.2,53.4,46.6,22.1,52.6,9.73,9.66,397.0,0.0,56.0,407.0,0.0,518.0,694.0
Liberia,SUB-SAHARAN AFRICA                 ,2010,Female,41.0,30.6,69.3,51.0,60.5,3.66,4.48,799.0,0.0,36.5,429.0,0.0,313.0,101.0
Libya,NORTHERN AFRICA                    ,2010,Female,3.51,61.8,38.2,30.0,74.5,2.14,6.92,1050.0,0.0,40.0,405.0,0.0,264.0,119.0
Lithuania,BALTICS                            ,2010,Female,49.8,67.8,32.2,27.6,78.5,5.26,11.4,1300.0,0.0,44.6,459.0,0.0,1290.0,269.0
Luxembourg,WESTERN EUROPE                     ,2010,Female,196.0,84.9,15.1,10.2,82.8,4.92,11.9,1460.0,0.0,33.8,357.0,0.0,60.4,5.56
Madagascar,SUB-SAHARAN AFRICA                 ,2010,Female,36.4,66.4,33.6,36.5,64.9,2.6,5.58,574.0,0.0,38.8,437.0,0.0,1170.0,443.0
Malawi,SUB-SAHARAN AFRICA                 ,2010,Female,161.0,73.9,26.1,10.9,59.3,4.11,5.59,351.0,0.0,44.8,440.0,0.0,906.0,443.0
Malaysia,ASIA (EX. NEAR EAST)         ,2010,Female,85.6,52.0,48.0,34.5,76.6,4.99,11.9,1000.0,0.0,20.0,436.0,0.0,1960.0,627.0
Maldives,ASIA (EX. NEAR EAST)         ,2010,Female,1220.0,64.3,35.7,40.1,77.2,4.62,8.22,845.0,0.0,41.3,444.0,0.0,10.9,3.6
Mali,SUB-SAHARAN AFRICA                 ,2010,Female,12.4,46.5,53.5,69.2,55.9,3.78,2.08,604.0,0.0,49.2,494.0,0.0,438.0,357.0
Malta,WESTERN EUROPE                     ,2010,Female,1300.0,68.6,31.3,33.0,81.5,6.54,10.5,784.0,0.0,28.0,443.0,0.0,24.3,5.4
Marshall Islands,OCEANIA                            ,2010,Female,291.0,82.8,17.2,11.4,0.0,6.51,9.52,545.0,0.0,40.0,134.0,0.0,10.6,4.0
Mauritania,SUB-SAHARAN AFRICA                 ,2010,Female,3.5,62.7,37.3,64.3,63.5,3.19,5.0,529.0,0.0,40.3,417.0,0.0,106.0,72.3
Mauritius,SUB-SAHARAN AFRICA                 ,2010,Female,615.0,47.7,52.3,52.3,77.0,3.38,10.5,943.0,0.0,38.6,428.0,0.0,121.0,39.2
Mexico,LATIN AMER. & CARIB    ,2010,Female,60.4,45.0,55.0,43.4,78.5,5.01,10.4,1380.0,0.0,35.9,487.0,0.0,6670.0,20700.0
"Micronesia, Fed. Sts.",OCEANIA                            ,2010,Female,148.0,93.4,6.61,3.27,69.5,23.6,13.2,524.0,0.0,42.4,395.0,0.0,18.4,6.52
Moldova,C.W. OF IND. STATES ,2010,Female,124.0,45.6,54.4,40.4,73.6,7.72,12.6,623.0,0.0,43.4,382.0,0.0,829.0,338.0
Monaco,WESTERN EUROPE                     ,2010,Female,24900.0,88.2,11.8,5.38,0.0,1.3,0.0,2000.0,0.0,40.0,9.7,0.0,0.0,0.0
Mongolia,ASIA (EX. NEAR EAST)         ,2010,Female,1.75,78.9,21.1,31.3,71.6,4.36,10.2,594.0,0.0,32.0,420.0,0.0,593.0,293.0
Morocco,NORTHERN AFRICA                    ,2010,Female,72.6,28.4,71.6,55.6,75.3,5.2,5.39,716.0,0.0,55.6,403.0,0.0,1810.0,374.0
Mozambique,SUB-SAHARAN AFRICA                 ,2010,Female,30.8,74.5,25.5,8.36,56.6,4.68,4.31,395.0,0.0,52.1,440.0,0.0,1530.0,1720.0
Namibia,SUB-SAHARAN AFRICA                 ,2010,Female,2.64,48.9,51.1,9.53,60.2,8.34,9.13,542.0,0.0,51.4,412.0,0.0,230.0,392.0
Nauru,OCEANIA                            ,2010,Female,501.0,75.7,24.3,2.33,0.0,0.0,0.0,555.0,0.0,40.0,71.1,0.0,0.0,0.0
Nepal,ASIA (EX. NEAR EAST)         ,2010,Female,189.0,31.4,68.6,56.2,69.4,3.14,5.23,656.0,0.0,25.8,407.0,0.0,2960.0,605.0
Netherlands,WESTERN EUROPE                     ,2010,Female,495.0,60.5,31.4,9.82,82.7,4.88,13.4,3640.0,0.0,51.7,324.0,0.0,1890.0,163.0
New Zealand,OCEANIA                            ,2010,Female,16.6,79.7,20.3,12.0,82.7,6.97,14.3,660.0,0.0,38.2,391.0,0.0,524.0,59.4
Nicaragua,LATIN AMER. & CARIB    ,2010,Female,47.7,56.5,43.5,44.5,76.7,4.1,8.58,976.0,0.0,39.4,509.0,0.0,409.0,581.0
Niger,SUB-SAHARAN AFRICA                 ,2010,Female,13.0,50.0,50.0,57.7,57.7,3.4,1.78,447.0,0.0,34.9,433.0,0.0,578.0,370.0
Nigeria,SUB-SAHARAN AFRICA                 ,2010,Female,174.0,29.2,70.8,77.7,51.6,0.85,7.45,881.0,0.0,53.3,438.0,0.0,5700.0,1130.0
North Korea,ASIA (EX. NEAR EAST)         ,2010,Female,204.0,0.0,0.0,0.0,72.9,0.0,12.2,567.0,0.0,37.0,500.0,0.0,3110.0,728.0
Norway,WESTERN EUROPE                     ,2010,Female,13.4,83.5,16.4,15.0,83.3,6.1,13.8,1320.0,0.0,35.0,319.0,0.0,593.0,43.1
Oman,NEAR EAST                          ,2010,Female,9.83,82.3,17.6,10.4,78.2,4.63,9.01,918.0,0.0,40.0,414.0,0.0,81.9,16.3
Pakistan,ASIA (EX. NEAR EAST)         ,2010,Female,221.0,25.6,74.4,70.4,66.1,1.51,4.97,1020.0,0.0,24.5,502.0,0.0,6700.0,9030.0
Palau,OCEANIA                            ,2010,Female,44.5,79.4,20.6,16.8,0.0,0.0,0.0,841.0,0.0,40.0,41.6,0.0,0.0,0.0
Panama,LATIN AMER. & CARIB    ,2010,Female,49.0,69.6,30.4,28.4,80.0,2.83,11.6,850.0,0.0,40.1,406.0,0.0,221.0,606.0
Papua New Guinea,OCEANIA                            ,2010,Female,15.7,79.7,20.3,12.3,67.1,6.9,6.75,548.0,0.0,28.4,424.0,0.0,967.0,533.0
Paraguay,LATIN AMER. & CARIB    ,2010,Female,15.6,38.0,62.0,45.9,74.5,3.79,9.66,837.0,0.0,40.8,374.0,0.0,359.0,838.0
Peru,LATIN AMER. & CARIB    ,2010,Female,22.9,59.4,40.6,39.6,76.4,2.44,10.8,1210.0,0.0,52.7,372.0,0.0,970.0,1060.0
Philippines,ASIA (EX. NEAR EAST)         ,2010,Female,314.0,39.2,60.8,54.8,71.8,1.84,10.8,964.0,0.0,28.5,432.0,0.0,5020.0,13100.0
Poland,EASTERN EUROPE                     ,2010,Female,125.0,69.3,30.6,23.7,80.4,4.99,13.0,1300.0,0.0,29.5,369.0,0.0,7520.0,856.0
Portugal,WESTERN EUROPE                     ,2010,Female,116.0,67.1,32.9,24.6,83.1,5.45,10.5,1690.0,0.0,57.4,373.0,0.0,1430.0,173.0
Qatar,NEAR EAST                          ,2010,Female,153.0,81.3,18.7,18.7,79.0,2.06,10.6,1180.0,0.0,40.0,433.0,0.0,110.0,20.7
Romania,EASTERN EUROPE                     ,2010,Female,88.8,80.8,19.1,19.6,77.6,3.18,12.1,817.0,0.0,40.5,372.0,0.0,2710.0,556.0
Russia,C.W. OF IND. STATES ,2010,Female,8.74,62.0,38.0,35.3,74.9,3.55,12.8,1460.0,0.0,52.6,419.0,0.0,55200.0,28000.0
Rwanda,SUB-SAHARAN AFRICA                 ,2010,Female,415.0,56.4,43.6,10.9,64.9,4.18,5.22,442.0,0.0,42.5,420.0,0.0,615.0,431.0
Samoa,OCEANIA                            ,2010,Female,65.8,81.3,18.7,12.6,76.4,4.24,13.7,1400.0,0.0,42.1,410.0,0.0,21.0,7.85
San Marino,WESTERN EUROPE                     ,2010,Female,519.0,85.7,14.3,17.7,0.0,3.55,0.0,1450.0,0.0,40.0,15.3,0.0,0.0,0.0
Sao Tome and Principe,SUB-SAHARAN AFRICA                 ,2010,Female,182.0,52.9,47.1,21.0,67.8,7.66,6.46,881.0,0.0,32.1,412.0,0.0,3.0,8.52
Saudi Arabia,NEAR EAST                          ,2010,Female,12.8,72.8,27.2,18.9,75.2,7.19,10.2,857.0,0.0,40.0,416.0,0.0,898.0,116.0
Senegal,SUB-SAHARAN AFRICA                 ,2010,Female,67.1,55.3,44.7,50.2,65.7,5.19,3.66,499.0,0.0,53.7,512.0,0.0,848.0,171.0
Serbia,EASTERN EUROPE                     ,2010,Female,103.0,66.0,34.0,36.4,76.8,4.58,10.8,1360.0,0.0,33.7,374.0,0.0,1780.0,269.0
Seychelles,SUB-SAHARAN AFRICA                 ,2010,Female,199.0,93.2,6.8,4.1,77.6,3.63,10.5,853.0,0.0,41.3,374.0,0.0,7.94,6.56
Sierra Leone,SUB-SAHARAN AFRICA                 ,2010,Female,89.5,12.6,87.4,64.0,48.9,2.5,3.96,736.0,0.0,41.2,514.0,0.0,285.0,90.9
Singapore,ASIA (EX. NEAR EAST)         ,2010,Female,7250.0,30.4,69.6,41.1,84.2,2.94,13.4,1020.0,0.0,47.0,442.0,0.0,393.0,20.7
Slovenia,EASTERN EUROPE                     ,2010,Female,102.0,72.2,27.9,12.6,82.7,5.26,12.0,1410.0,0.0,21.9,361.0,0.0,476.0,25.4
Solomon Islands,OCEANIA                            ,2010,Female,18.9,94.1,5.91,4.57,70.0,9.94,8.31,364.0,0.0,46.1,505.0,0.0,84.1,32.5
Somalia,SUB-SAHARAN AFRICA                 ,2010,Female,19.2,44.6,55.4,0.0,55.6,0.991,2.16,706.0,0.0,50.9,452.0,0.0,435.0,708.0
South Africa,SUB-SAHARAN AFRICA                 ,2010,Female,42.5,38.3,61.7,8.51,58.9,5.55,10.8,1480.0,0.0,35.2,398.0,0.0,7470.0,20100.0
South Korea,ASIA (EX. NEAR EAST)         ,2010,Female,510.0,52.9,47.1,34.6,83.7,4.04,13.8,564.0,0.0,32.0,503.0,0.0,16000.0,917.0
South Sudan,SUB-SAHARAN AFRICA                 ,2010,Female,16.5,0.0,0.0,0.0,54.6,1.15,1.53,509.0,0.0,45.0,490.0,0.0,333.0,570.0
Spain,WESTERN EUROPE                     ,2010,Female,93.8,70.6,29.4,20.7,84.9,4.41,12.7,1520.0,0.0,32.2,451.0,0.0,3780.0,381.0
Sri Lanka,ASIA (EX. NEAR EAST)         ,2010,Female,322.0,48.1,51.9,53.3,77.9,1.7,11.4,900.0,0.0,37.2,410.0,0.0,4860.0,1010.0
Suriname,LATIN AMER. & CARIB    ,2010,Female,3.37,51.2,48.8,21.4,73.7,3.44,9.26,1640.0,0.0,45.6,406.0,0.0,129.0,49.3
Swaziland,SUB-SAHARAN AFRICA                 ,2010,Female,69.9,61.4,38.6,0.0,54.1,0.0,9.14,491.0,0.0,60.5,414.0,0.0,180.0,233.0
Sweden,WESTERN EUROPE                     ,2010,Female,22.9,81.2,18.8,16.9,83.4,6.11,14.4,1450.0,0.0,39.3,261.0,0.0,1380.0,110.0
Switzerland,WESTERN EUROPE                     ,2010,Female,198.0,59.5,40.5,29.1,84.4,4.3,11.1,2710.0,0.0,38.8,345.0,0.0,1320.0,66.2
Syria,NEAR EAST                          ,2010,Female,114.0,50.5,49.5,54.0,76.8,2.6,8.29,1080.0,0.0,46.6,429.0,0.0,413.0,472.0
Tajikistan,C.W. OF IND. STATES ,2010,Female,54.6,23.6,76.3,70.4,72.8,3.58,10.4,560.0,0.0,36.4,365.0,0.0,348.0,194.0
Tanzania,SUB-SAHARAN AFRICA                 ,2010,Female,52.0,47.0,53.0,31.9,62.5,3.73,6.84,564.0,0.0,27.9,415.0,0.0,2490.0,3660.0
Thailand,ASIA (EX. NEAR EAST)         ,2010,Female,132.0,64.4,35.6,14.5,77.6,3.54,10.7,934.0,0.0,46.0,438.0,0.0,8380.0,4740.0
Togo,SUB-SAHARAN AFRICA                 ,2010,Female,120.0,29.5,70.5,62.6,58.1,4.54,5.36,684.0,0.0,43.6,427.0,0.0,540.0,221.0
Tonga,OCEANIA                            ,2010,Female,145.0,87.1,12.9,11.5,75.2,2.93,11.0,664.0,0.0,37.7,381.0,0.0,6.98,2.98
Trinidad and Tobago,LATIN AMER. & CARIB    ,2010,Female,259.0,52.9,47.1,46.6,73.4,2.87,13.3,1230.0,0.0,45.5,406.0,0.0,176.0,339.0
Tunisia,NORTHERN AFRICA                    ,2010,Female,68.5,51.5,48.5,42.1,77.1,5.86,9.47,717.0,0.0,74.4,460.0,0.0,417.0,110.0
Turkey,NEAR EAST                          ,2010,Female,94.0,67.8,32.2,16.9,77.6,3.49,8.88,1220.0,0.0,54.0,380.0,0.0,2220.0,1560.0
Turkmenistan,C.W. OF IND. STATES ,2010,Female,10.8,63.3,36.7,71.0,70.2,2.32,12.9,964.0,0.0,35.0,493.0,0.0,484.0,269.0
Tuvalu,OCEANIA                            ,2010,Female,351.0,99.9,0.11,0.645,0.0,0.0,0.0,721.0,0.0,39.1,83.4,0.0,0.0,0.0
Uganda,SUB-SAHARAN AFRICA                 ,2010,Female,170.0,25.3,74.7,33.1,58.9,2.1,6.54,465.0,0.0,43.6,511.0,0.0,3070.0,2150.0
Ukraine,C.W. OF IND. STATES ,2010,Female,79.0,59.5,40.5,40.8,74.9,6.05,12.8,780.0,0.0,39.7,361.0,0.0,11800.0,4120.0
United Arab Emirates,NEAR EAST                          ,2010,Female,98.9,59.0,41.0,17.9,77.8,0.0,12.2,1070.0,0.0,40.0,434.0,0.0,399.0,122.0
United Kingdom,WESTERN EUROPE                     ,2010,Female,262.0,81.9,18.1,9.82,82.3,5.5,13.8,3190.0,0.0,58.4,315.0,0.0,5600.0,439.0
United States,NORTHERN AMERICA                   ,2010,Female,33.7,44.1,55.9,12.2,81.0,4.84,13.1,2250.0,0.0,51.7,329.0,0.0,42300.0,17500.0
Uruguay,LATIN AMER. & CARIB    ,2010,Female,19.3,50.7,49.3,20.5,80.1,4.0,10.9,1760.0,0.0,54.7,406.0,0.0,629.0,168.0
Uzbekistan,C.W. OF IND. STATES ,2010,Female,67.2,43.3,56.7,46.5,72.9,9.37,11.7,504.0,0.0,33.9,381.0,0.0,3110.0,1000.0
Vanuatu,OCEANIA                            ,2010,Female,19.4,72.9,27.1,8.85,72.9,4.98,8.73,587.0,0.0,37.6,381.0,0.0,36.5,3.31
Venezuela,LATIN AMER. & CARIB    ,2010,Female,32.9,43.3,56.7,42.9,77.9,6.54,11.1,684.0,0.0,62.8,415.0,0.0,2610.0,11500.0
Vietnam,ASIA (EX. NEAR EAST)         ,2010,Female,285.0,26.4,73.6,37.4,80.0,5.36,9.39,863.0,0.0,34.2,417.0,0.0,7430.0,1850.0
Yemen,NEAR EAST                          ,2010,Female,44.7,33.9,66.1,74.0,64.9,3.6,3.19,925.0,0.0,50.2,540.0,0.0,1110.0,745.0
Zambia,SUB-SAHARAN AFRICA                 ,2010,Female,18.6,54.9,45.1,24.5,58.5,1.06,7.21,694.0,0.0,54.5,410.0,0.0,1170.0,1330.0
Zimbabwe,SUB-SAHARAN AFRICA                 ,2010,Female,36.4,38.4,61.6,36.5,54.1,1.91,9.93,889.0,0.0,27.5,396.0,0.0,2000.0,1410.0
